title,slug,kind,countries,chart_places,weeks,peak_rank,first_week,last_week,has_page
(Girl)Friend,girl-friend,Films,5,8,2,2,2023-08-13,2023-08-20,no
12.12: The Day,12-12-the-day,Films,1,12,12,1,2024-05-12,2024-12-22,yes
18 Again,18-again,TV,3,7,7,4,2022-01-30,2023-04-09,yes
1987: When the Day Comes,1987-when-the-day-comes,Films,1,1,1,9,2023-12-10,2023-12-10,yes
200 Pounds Beauty,200-pounds-beauty,Films,2,2,2,4,2021-11-21,2024-03-31,no
20th Century Girl,20th-century-girl,Films,46,114,6,1,2022-10-23,2022-11-27,yes
6/45,6-45,Films,2,7,7,1,2023-08-06,2025-07-13,yes
8MM,8mm,Films,11,14,8,4,2021-09-05,2025-06-08,yes
A Business Proposal,a-business-proposal,Films,2,6,4,1,2025-06-15,2025-07-06,no
A Company Man,a-company-man,Films,1,4,4,4,2025-06-15,2026-07-12,yes
A Confession,a-confession,TV,2,6,4,3,2024-10-06,2024-10-27,no
A Family,a-family,Films,2,4,4,3,2021-07-11,2022-10-23,no
A Girl at My Door,a-girl-at-my-door,Films,1,1,1,5,2025-10-05,2025-10-05,no
A Good Day to Be a Dog,a-good-day-to-be-a-dog,TV,1,6,6,3,2023-10-15,2023-11-26,yes
A Hard Day,a-hard-day,Films,2,3,3,2,2022-05-01,2023-04-30,yes
A Journey,a-journey,Films,18,24,4,1,2024-04-14,2024-05-05,yes
A Killer Paradox,a-killer-paradox,TV,44,97,10,1,2024-02-11,2024-04-14,yes
A Korean Odyssey,a-korean-odyssey,TV,2,8,7,2,2021-07-04,2023-04-23,yes
A Man of Reason,a-man-of-reason,Films,1,3,3,1,2024-05-05,2024-05-19,yes
A Model Family,a-model-family,TV,20,27,4,2,2022-08-14,2022-09-04,yes
A Normal Family,a-normal-family,Films,1,2,2,10,2025-12-14,2025-12-21,yes
A Special Lady,a-special-lady,Films,1,2,2,7,2022-10-16,2022-10-23,no
A Time Called You,a-time-called-you,TV,38,76,5,1,2023-09-10,2023-10-08,yes
A Violent Prosecutor,a-violent-prosecutor,Films,1,1,1,7,2021-09-19,2021-09-19,no
A Virtuous Business,a-virtuous-business,TV,17,73,11,1,2024-10-13,2024-12-22,yes
A Wedding Invitation,a-wedding-invitation,Films,1,2,2,5,2025-02-09,2025-02-16,no
A Werewolf Boy,a-werewolf-boy,Films,3,3,1,4,2021-09-05,2021-09-05,yes
A Woman's Life,a-woman-s-life,Films,1,3,3,5,2023-01-15,2023-01-29,no
A Wonderful World,a-wonderful-world,Films,1,2,2,1,2025-02-16,2025-02-23,no
A Year-End Medley,a-year-end-medley,TV,1,1,1,8,2024-06-16,2024-06-16,no
About Family,about-family,Films,1,9,9,1,2025-04-13,2025-06-08,no
Abyss,abyss,TV,1,3,3,8,2022-03-20,2022-04-03,yes
Addicted,addicted,Films,19,34,12,2,2021-12-05,2023-07-30,yes
Aema,aema,TV,5,9,5,2,2025-08-24,2025-09-21,yes
Agency,agency,TV,11,29,9,2,2023-03-26,2023-07-02,yes
Agent Kim Reactivated,agent-kim-reactivated,TV,81,466,8,1,2026-06-28,2026-08-16,yes
Agents of Mystery,agents-of-mystery,TV,4,11,7,2,2024-06-23,2026-03-15,yes
Alchemy of Souls,alchemy-of-souls,TV,45,623,45,1,2022-06-26,2023-04-30,yes
Alice,alice,Films,12,24,9,1,2023-08-27,2025-10-05,yes
Alienoid: Return to the Future,alienoid-return-to-the-future,Films,1,3,3,2,2025-01-12,2025-01-26,no
Alive,alive,Films,6,6,3,5,2022-03-06,2025-01-26,yes
All For Love,all-for-love,TV,2,8,8,7,2021-07-18,2022-01-23,no
All In,all-in,Films,3,4,2,5,2024-06-09,2024-06-16,yes
All of Us Are Dead,all-of-us-are-dead,TV,93,619,34,1,2022-01-30,2025-01-05,yes
Aloners,aloners,Films,1,3,3,3,2021-08-22,2021-09-05,yes
Along with the Gods: The Last 49 Days,along-with-the-gods-the-last-49-days,Films,3,3,3,8,2022-01-02,2022-08-14,no
Along with the Gods: The Two Worlds,along-with-the-gods-the-two-worlds,Films,2,3,3,5,2021-12-26,2022-08-14,yes
Amazon Bullseye,amazon-bullseye,Films,1,6,6,1,2025-01-26,2025-03-02,yes
Anarchist from Colony,anarchist-from-colony,Films,1,1,1,6,2022-03-20,2022-03-20,no
Anchor,anchor,Films,1,1,1,9,2023-04-02,2023-04-02,yes
Angel Eyes,angel-eyes,Films,28,40,15,3,2021-11-07,2026-07-12,yes
Another Miss Oh,another-miss-oh,TV,1,1,1,8,2022-11-27,2022-11-27,no
Arthdal Chronicles,arthdal-chronicles,TV,1,1,1,7,2022-05-01,2022-05-01,yes
Artificial City,artificial-city,TV,1,2,2,6,2022-02-20,2022-02-27,no
As You Stood By,as-you-stood-by,TV,71,156,5,1,2025-11-09,2025-12-07,yes
Ashfall,ashfall,Films,8,11,6,3,2021-12-19,2023-01-08,yes
Asura,asura,TV,1,2,2,4,2025-01-12,2025-01-19,no
Asura: The City of Madness,asura-the-city-of-madness,Films,1,5,5,3,2021-09-26,2021-10-24,no
Awake,awake,Films,38,79,9,1,2023-09-03,2026-03-29,yes
Awaken,awaken,TV,3,10,4,1,2023-01-22,2023-02-12,yes
B Cut,b-cut,Films,1,2,2,4,2023-06-04,2023-06-11,no
Babel,babel,Films,9,13,4,3,2023-03-05,2023-08-13,yes
Backstreet Rookie,backstreet-rookie,TV,16,35,5,4,2022-07-24,2025-04-06,yes
Bad And Crazy,bad-and-crazy,TV,6,19,5,3,2022-04-03,2022-05-01,yes
Bad Guys,bad-guys,TV,1,7,7,1,2022-09-11,2022-10-23,yes
Bad Memory Eraser,bad-memory-eraser,TV,1,3,3,4,2024-08-04,2024-08-18,yes
Badland Hunters,badland-hunters,Films,89,226,10,1,2024-01-28,2024-06-02,yes
Bait,bait,Films,2,2,2,6,2023-05-07,2025-02-02,no
Ballerina,ballerina,Films,89,241,18,1,2021-10-24,2026-07-05,yes
Band of Brothers,band-of-brothers,TV,21,38,4,3,2023-09-17,2023-10-08,yes
Barbie,barbie,Films,37,50,19,1,2024-05-05,2026-07-26,yes
Battle for Happiness,battle-for-happiness,TV,1,2,2,8,2023-09-03,2023-09-10,no
Beastie Boys,beastie-boys,Films,1,2,2,5,2021-11-21,2021-11-28,no
Beasts Clawing at Straws,beasts-clawing-at-straws,Films,1,2,2,5,2026-01-04,2026-01-11,yes
Beautiful Gong Shim,beautiful-gong-shim,TV,1,3,3,7,2022-01-16,2022-01-30,yes
Beauty and Mr. Romantic,beauty-and-mr-romantic,TV,1,4,4,7,2024-03-31,2024-04-21,no
Beauty and the Beast,beauty-and-the-beast,Films,13,13,2,2,2021-10-03,2021-10-17,yes
Beauty Inside,beauty-inside,TV,3,9,8,2,2021-11-28,2022-11-27,no
Because I Hate Korea,because-i-hate-korea,Films,1,2,2,3,2024-12-01,2024-12-08,no
Begin Again,begin-again,Films,1,1,1,10,2026-05-17,2026-05-17,no
Behind Every Star,behind-every-star,TV,1,6,6,2,2022-11-13,2022-12-18,yes
Behind Your Touch,behind-your-touch,TV,27,96,9,2,2023-08-13,2023-10-08,yes
Believer,believer,Films,8,17,7,3,2023-03-26,2023-12-03,yes
Believer 2,believer-2,Films,37,68,6,1,2023-11-19,2023-12-24,yes
Betrayal,betrayal,Films,1,1,1,4,2023-09-24,2023-09-24,no
Between Him and Her,between-him-and-her,TV,1,1,1,10,2023-12-31,2023-12-31,no
Between Walls,between-walls,Films,1,2,2,4,2024-12-22,2024-12-29,no
Beyond Evil,beyond-evil,TV,1,4,4,4,2023-04-09,2023-04-30,yes
Beyond the Bar,beyond-the-bar,TV,53,281,9,1,2025-08-03,2025-09-28,yes
Big,big,Films,12,12,2,4,2025-12-14,2025-12-28,yes
Birth of a Beauty,birth-of-a-beauty,TV,3,6,6,7,2021-07-18,2025-06-22,no
Birthcare Center,birthcare-center,TV,4,8,3,4,2022-12-04,2022-12-18,no
Bitch and Rich,bitch-and-rich,TV,13,47,16,2,2023-06-11,2026-08-16,yes
Black Dog,black-dog,TV,2,4,3,4,2022-04-10,2022-04-24,yes
Black Knight,black-knight,TV,79,197,8,1,2021-08-01,2024-09-29,yes
Black Money,black-money,Films,1,4,4,3,2022-01-16,2026-04-12,no
Black Night,black-night,Films,1,2,2,1,2023-10-22,2023-10-29,no
Black Out,black-out,TV,4,7,4,5,2025-05-25,2025-08-24,yes
Black Rain,black-rain,Films,2,2,1,7,2026-02-08,2026-02-08,no
Blade of the Immortal,blade-of-the-immortal,Films,2,4,4,3,2023-08-20,2026-08-09,yes
Blind,blind,Films,1,2,2,6,2026-05-03,2026-05-10,no
Blood,blood,Films,5,6,3,3,2023-09-24,2025-10-26,yes
Bloodhounds,bloodhounds,TV,87,583,17,1,2023-06-11,2026-05-31,yes
Blossom,blossom,TV,2,5,4,3,2025-01-05,2025-01-26,no
Bodyguard,bodyguard,TV,12,15,4,4,2023-04-09,2023-10-01,yes
Bogotá: City of the Lost,bogota-city-of-the-lost,Films,73,98,4,1,2025-02-09,2025-03-02,yes
"Bon Appétit, Your Majesty",bon-appetit-your-majesty,TV,79,502,12,1,2025-08-24,2025-11-09,yes
Boomerang Family,boomerang-family,Films,1,5,5,2,2023-02-19,2023-09-17,yes
Boy,boy,Films,1,1,1,1,2021-07-18,2021-07-18,no
Boyfriend on Demand,boyfriend-on-demand,TV,47,137,5,2,2026-03-08,2026-04-05,yes
Boys Over Flowers,boys-over-flowers,TV,7,76,49,1,2022-06-19,2023-06-04,yes
Brewing Love,brewing-love,TV,1,5,5,4,2024-11-10,2024-12-08,yes
Broker,broker,Films,1,5,5,6,2023-01-01,2023-01-29,yes
Bros,bros,TV,2,7,6,1,2024-04-21,2024-05-26,no
Brother,brother,Films,6,6,2,4,2022-08-07,2023-10-08,yes
Bugonia,bugonia,Films,2,2,2,7,2026-02-01,2026-05-03,yes
Bulgasal: Immortal Souls,bulgasal-immortal-souls,TV,12,64,9,2,2021-12-26,2022-02-20,yes
Business Proposal,business-proposal,TV,58,464,44,1,2022-03-06,2025-07-06,yes
Butterfly,butterfly,TV,2,3,2,4,2024-09-22,2024-09-29,no
By Quantum Physics: A Nightlife Venture,by-quantum-physics-a-nightlife-venture,Films,2,4,4,3,2021-12-19,2024-06-09,yes
Cabriolet,cabriolet,Films,1,2,2,4,2025-02-16,2025-02-23,no
Café Minamdang,cafe-minamdang,TV,10,71,12,3,2022-07-03,2022-09-18,yes
Camping,camping,Films,1,2,2,8,2025-07-20,2025-07-27,no
Can This Love Be Translated?,can-this-love-be-translated,TV,60,213,21,1,2026-01-18,2026-08-16,yes
Canola,canola,Films,2,3,3,7,2025-12-07,2025-12-21,yes
Captivating the King,captivating-the-king,TV,21,57,7,2,2024-01-28,2024-03-10,yes
Carter,carter,Films,92,201,5,1,2022-08-07,2022-09-04,yes
Cashero,cashero,TV,52,124,5,1,2025-12-28,2026-01-25,yes
Casino,casino,Films,1,1,1,10,2022-09-18,2022-09-18,no
Cassiopeia,cassiopeia,Films,1,2,2,6,2023-12-17,2023-12-24,no
Castaway Diva,castaway-diva,TV,31,118,7,1,2023-10-29,2023-12-10,yes
CAT,cat,TV,11,27,7,2,2022-12-11,2023-08-06,yes
Celeb Five: Behind the Curtain,celeb-five-behind-the-curtain,Films,1,2,2,3,2022-04-03,2022-04-10,no
Celebrity,celebrity,TV,52,145,8,1,2023-07-02,2023-08-27,yes
Chabak - Night of Murder and Romance,chabak-night-of-murder-and-romance,Films,1,3,3,1,2024-02-11,2024-02-25,no
Champion,champion,TV,15,42,7,1,2024-01-14,2026-02-08,yes
Character,character,Films,1,4,4,3,2023-07-30,2023-08-20,no
Check in Hanyang,check-in-hanyang,TV,9,17,4,6,2024-12-29,2025-01-19,yes
Chef & My Fridge,chef-my-fridge,TV,2,11,9,2,2024-12-22,2026-02-22,no
Chicken Nugget,chicken-nugget,TV,8,19,6,2,2024-03-17,2024-04-21,yes
Chocolate,chocolate,TV,1,3,3,4,2023-03-05,2023-03-19,no
Christmas Carol,christmas-carol,Films,2,5,5,3,2023-04-16,2026-08-16,yes
Citizen of a Kind,citizen-of-a-kind,Films,1,9,9,1,2024-05-26,2024-07-21,yes
City Hunter,city-hunter,Films,52,96,8,1,2024-04-28,2025-09-14,yes
City of Fathers,city-of-fathers,Films,1,1,1,4,2024-09-29,2024-09-29,no
Clean With Passion For Now,clean-with-passion-for-now,TV,1,1,1,8,2022-12-11,2022-12-11,no
Cleaning Up,cleaning-up,TV,6,20,11,1,2022-08-07,2024-05-05,yes
Cloud,cloud,Films,1,3,3,5,2025-12-28,2026-01-11,no
Cobweb,cobweb,Films,7,8,7,2,2023-12-31,2025-11-30,yes
Coin Locker Girl,coin-locker-girl,Films,1,2,2,6,2022-03-27,2022-04-03,no
Collectors,collectors,Films,3,4,3,1,2021-10-17,2021-12-12,yes
Come Back Home,come-back-home,Films,1,1,1,5,2023-07-30,2023-07-30,no
Commitment,commitment,Films,2,3,2,6,2021-08-22,2021-08-29,yes
Concerning My Daughter,concerning-my-daughter,Films,1,2,2,5,2025-03-16,2025-03-23,no
Concrete Market,concrete-market,Films,1,2,2,2,2026-03-08,2026-03-15,no
Concrete Utopia,concrete-utopia,Films,2,9,9,1,2023-12-10,2024-04-07,yes
Confession,confession,Films,2,6,6,1,2023-02-12,2024-10-13,yes
Confidential Assignment 2: International,confidential-assignment-2-international,Films,3,11,11,1,2023-01-08,2026-05-31,yes
Connection,connection,TV,4,10,3,3,2025-03-09,2025-03-23,yes
Contact,contact,Films,2,3,2,5,2022-12-11,2022-12-18,no
Contorted,contorted,Films,1,2,2,8,2022-09-11,2022-09-18,no
Count,count,Films,1,5,5,1,2023-06-11,2023-07-09,no
Countdown,countdown,Films,4,6,5,3,2022-02-06,2023-07-23,yes
Crash Course in Romance,crash-course-in-romance,TV,34,211,13,1,2023-01-22,2023-04-16,yes
Crash Landing on You,crash-landing-on-you,TV,10,187,77,2,2021-07-04,2023-04-30,yes
Crime Solving Special Squad,crime-solving-special-squad,Films,1,1,1,7,2022-01-02,2022-01-02,no
Crush,crush,Films,2,4,2,1,2022-04-03,2022-04-10,no
Cyber Hell: Exposing an Internet Horror,cyber-hell-exposing-an-internet-horror,Films,7,14,3,1,2022-05-22,2022-06-05,yes
D.P.,d-p,TV,10,68,14,1,2021-08-29,2023-08-27,yes
Daemuga,daemuga,Films,1,2,2,4,2023-01-08,2023-01-15,no
Daily Dose of Sunshine,daily-dose-of-sunshine,TV,28,59,6,1,2023-11-05,2023-12-10,yes
Dali & Cocky Prince,dali-cocky-prince,TV,8,19,4,4,2022-07-31,2022-08-21,yes
Dare to Love Me,dare-to-love-me,TV,8,9,2,6,2024-05-19,2024-05-26,yes
Dark Figure of Crime,dark-figure-of-crime,Films,2,2,2,9,2021-12-12,2023-04-16,no
Dazzling,dazzling,TV,2,7,5,5,2026-05-31,2026-06-28,no
Dead End,dead-end,TV,1,2,2,5,2022-12-04,2022-12-11,no
Dear Hongrang,dear-hongrang,TV,40,66,6,1,2025-05-18,2025-06-22,yes
Dear Mother,dear-mother,Films,1,1,1,8,2022-01-16,2022-01-16,no
Decibel,decibel,Films,1,4,4,2,2023-03-12,2023-04-09,yes
Decision to Leave,decision-to-leave,Films,1,6,6,2,2023-01-01,2023-02-05,yes
Deep,deep,Films,5,8,3,1,2021-07-18,2021-08-01,no
Delightfully Deceitful,delightfully-deceitful,TV,3,4,2,7,2025-07-27,2025-08-03,yes
Deliver Us from Evil,deliver-us-from-evil,Films,5,7,6,4,2021-12-05,2023-10-15,no
Deranged,deranged,Films,1,2,2,6,2021-07-04,2021-07-11,yes
Descendants of the Sun,descendants-of-the-sun,TV,2,4,4,2,2021-08-08,2023-07-09,yes
Desire,desire,Films,90,247,5,1,2026-07-19,2026-08-16,yes
Destined with You,destined-with-you,TV,44,285,10,1,2023-08-27,2023-10-29,yes
Destiny,destiny,TV,3,17,9,1,2024-04-14,2024-06-09,no
Detour,detour,Films,1,1,1,10,2023-03-19,2023-03-19,no
Devil's Game,devil-s-game,Films,1,1,1,3,2024-02-18,2024-02-18,no
Devils,devils,Films,1,4,4,1,2023-10-22,2023-11-12,no
Devils Stay,devils-stay,Films,1,2,2,2,2026-02-22,2026-03-01,no
Diary of a Prosecutor,diary-of-a-prosecutor,TV,3,6,6,6,2023-01-08,2023-03-26,yes
Dirty Money,dirty-money,Films,1,6,6,1,2025-06-22,2025-07-27,no
Ditto,ditto,Films,1,3,3,2,2023-02-19,2023-03-05,yes
Diva,diva,Films,1,2,2,8,2021-10-17,2021-10-24,no
Divorce Attorney Shin,divorce-attorney-shin,TV,10,49,7,1,2023-03-12,2023-04-23,yes
Doctor Cha,doctor-cha,TV,39,239,12,1,2023-04-23,2023-07-09,yes
Doctor John,doctor-john,TV,4,12,12,1,2021-09-05,2025-03-02,yes
Doctor Prisoner,doctor-prisoner,TV,2,8,8,6,2022-07-24,2024-07-07,no
Doctor Slump,doctor-slump,TV,47,287,14,1,2024-01-28,2024-04-28,yes
Doctors,doctors,TV,1,1,1,8,2025-03-09,2025-03-09,no
Dog Days,dog-days,Films,2,4,4,1,2024-10-13,2025-02-02,no
Dog Days Out,dog-days-out,TV,25,38,2,5,2025-02-16,2025-02-23,yes
Don't Buy the Seller,don-t-buy-the-seller,Films,1,5,5,1,2023-12-17,2024-02-18,no
Doom at Your Service,doom-at-your-service,TV,18,26,2,4,2023-07-09,2023-07-16,yes
Doona!,doona,TV,43,97,6,1,2023-10-22,2023-11-26,yes
Doubt,doubt,Films,7,27,9,2,2024-10-13,2026-02-01,yes
Dr. Romantic,dr-romantic,TV,8,53,11,2,2022-01-16,2023-06-25,yes
Dragon Inn Part 1: The City of Sadness,dragon-inn-part-1-the-city-of-sadness,Films,1,1,1,6,2022-07-24,2022-07-24,no
Dream,dream,Films,21,43,6,1,2023-07-30,2023-09-03,yes
Dream High,dream-high,TV,1,1,1,9,2022-07-31,2022-07-31,yes
Drive,drive,Films,2,4,4,2,2023-01-15,2024-09-29,no
Dual,dual,Films,2,2,1,9,2024-09-29,2024-09-29,yes
Dynamite Kiss,dynamite-kiss,TV,52,318,9,1,2025-11-16,2026-01-18,yes
Eden,eden,Films,2,3,3,5,2023-11-05,2025-12-28,no
Emergency,emergency,Films,10,19,4,2,2025-03-16,2025-04-06,yes
Encounter,encounter,TV,16,35,10,2,2021-08-01,2022-02-13,yes
Endless Love,endless-love,Films,2,2,2,3,2021-11-21,2022-08-21,no
Escape,escape,Films,3,16,16,1,2022-11-13,2026-06-14,yes
Escape From Mogadishu,escape-from-mogadishu,Films,2,10,10,1,2021-12-19,2022-06-05,no
Eve,eve,TV,18,41,4,3,2024-07-28,2024-08-18,yes
Exhuma,exhuma,Films,1,13,13,1,2024-07-21,2025-02-02,yes
Exit,exit,Films,2,2,2,4,2021-08-08,2022-10-30,yes
Extraordinary Attorney Woo,extraordinary-attorney-woo,TV,57,518,37,1,2022-07-03,2023-05-28,yes
Extraordinary You,extraordinary-you,TV,1,3,3,5,2022-04-10,2022-04-24,yes
Extreme Job,extreme-job,Films,6,17,13,2,2021-08-22,2023-05-07,yes
Fabricated City,fabricated-city,Films,1,4,4,2,2025-11-09,2025-11-30,no
Fallen,fallen,Films,1,1,1,5,2025-02-09,2025-02-09,no
Family Business,family-business,Films,15,55,13,1,2021-10-10,2026-08-16,yes
Family by Choice,family-by-choice,TV,1,9,9,4,2024-10-13,2024-12-08,no
Fatal Intuition,fatal-intuition,Films,1,4,4,2,2024-06-09,2024-06-30,yes
Father,father,Films,2,8,6,1,2025-12-14,2026-01-18,no
Fearless Love,fearless-love,Films,1,3,3,2,2022-11-06,2022-11-20,no
FENGSHUI,fengshui,Films,1,2,2,4,2024-12-22,2024-12-29,no
Fire,fire,Films,1,3,3,1,2026-02-08,2026-02-22,no
Firefighters,firefighters,Films,1,3,3,1,2025-04-06,2025-04-20,no
Fireworks,fireworks,Films,5,10,7,1,2023-07-02,2024-07-14,yes
First Lady,first-lady,TV,6,16,7,4,2022-12-18,2025-11-02,yes
First Love,first-love,TV,9,47,19,1,2022-03-20,2024-06-16,yes
First Man,first-man,Films,2,2,2,5,2022-03-06,2022-06-26,no
Five,five,Films,1,2,2,7,2023-02-12,2023-02-19,no
Flower of Evil,flower-of-evil,TV,4,24,14,2,2022-10-02,2023-02-26,yes
Flu,flu,Films,4,10,3,1,2021-09-05,2021-09-19,no
Following,following,Films,1,4,4,1,2024-12-15,2025-01-05,yes
Forbidden Fairytale,forbidden-fairytale,Films,1,2,2,4,2026-04-12,2026-04-19,no
Forecasting Love and Weather,forecasting-love-and-weather,TV,24,158,16,1,2022-02-20,2022-06-26,yes
Frankly Speaking,frankly-speaking,TV,9,26,6,2,2024-05-05,2024-06-09,yes
Friend,friend,Films,1,1,1,5,2023-10-01,2023-10-01,no
Friendly Rivalry,friendly-rivalry,TV,7,16,4,3,2025-04-13,2025-05-04,yes
Gangnam Zombie,gangnam-zombie,Films,1,2,2,4,2023-09-24,2023-10-01,no
Gate,gate,Films,1,3,3,3,2022-10-16,2022-10-30,no
"Genie, Make a Wish",genie-make-a-wish,TV,51,189,9,1,2025-10-05,2025-11-30,yes
Ghost,ghost,Films,5,5,1,8,2025-01-05,2025-01-05,no
Ghost Doctor,ghost-doctor,TV,23,114,13,1,2022-06-26,2024-03-10,yes
Ghost House,ghost-house,Films,1,2,2,3,2024-11-03,2024-11-10,no
Ghost Ship,ghost-ship,Films,21,23,6,2,2021-09-19,2026-07-12,yes
Glitch,glitch,TV,3,5,4,2,2021-07-04,2022-10-23,yes
Godsend,godsend,Films,5,10,2,5,2024-05-05,2024-05-12,yes
Golden Slumber,golden-slumber,Films,1,1,1,5,2022-01-23,2022-01-23,no
GOOD BOY,good-boy,TV,1,9,9,2,2025-06-01,2025-07-27,no
Good Doctor,good-doctor,TV,1,1,1,9,2022-07-31,2022-07-31,yes
Good Job,good-job,TV,1,2,2,4,2022-12-04,2022-12-11,no
Good Morning,good-morning,Films,1,1,1,10,2022-11-13,2022-11-13,yes
Good News,good-news,Films,10,24,7,1,2025-10-19,2025-11-30,yes
Good Partner,good-partner,TV,1,12,12,1,2024-07-14,2024-09-29,yes
Goodbye Earth,goodbye-earth,TV,28,50,3,2,2024-04-28,2024-05-12,yes
Gossip Girl,gossip-girl,TV,45,137,10,2,2023-07-16,2024-06-30,yes
Graceful Family,graceful-family,TV,1,4,4,3,2023-05-07,2023-05-28,no
Grand Prix,grand-prix,Films,2,5,3,1,2024-04-21,2024-05-05,yes
Granny's Got Talent,granny-s-got-talent,Films,1,2,2,2,2024-05-19,2024-05-26,no
Green Mothers' Club,green-mothers-club,TV,3,19,9,2,2022-04-17,2022-06-12,yes
Greenhouse,greenhouse,Films,1,2,2,4,2023-10-15,2023-10-22,no
Grudge,grudge,Films,11,14,4,1,2021-10-10,2021-10-31,yes
Guardian: The Lonely and Great God,guardian-the-lonely-and-great-god,TV,3,24,19,5,2021-10-10,2022-11-13,yes
Guest House,guest-house,Films,1,1,1,9,2022-02-06,2022-02-06,no
Guimoon: The Lightless Door,guimoon-the-lightless-door,Films,1,2,2,1,2021-10-31,2021-11-07,no
Gyeongseong Creature,gyeongseong-creature,TV,69,256,15,1,2023-12-24,2024-10-27,yes
Hail to Hell,hail-to-hell,Films,1,2,2,6,2023-11-19,2023-11-26,no
Han Gong-ju,han-gong-ju,Films,1,2,2,5,2024-06-09,2024-06-16,no
Happiness,happiness,TV,31,123,13,1,2022-04-17,2024-03-03,yes
Happy Ending,happy-ending,Films,47,60,5,1,2022-11-27,2023-09-17,yes
Happy Together,happy-together,Films,1,6,6,1,2024-06-02,2024-07-07,no
Harbin,harbin,Films,1,5,5,1,2025-04-27,2025-05-25,yes
Havana,havana,Films,1,2,2,2,2023-12-24,2023-12-31,no
Hear Me : Our Summer,hear-me-our-summer,Films,1,1,1,8,2026-03-08,2026-03-08,no
Heartman: Rock and Love,heartman-rock-and-love,Films,1,2,2,2,2026-04-19,2026-04-26,no
Heartsping: Teenieping of Love,heartsping-teenieping-of-love,Films,1,2,2,2,2025-01-05,2025-01-12,no
Heaven,heaven,Films,1,1,1,5,2026-02-22,2026-02-22,no
Heaven's Soldiers,heaven-s-soldiers,Films,1,2,2,7,2024-09-08,2024-09-15,no
Heavenly Ever After,heavenly-ever-after,TV,20,90,8,1,2025-04-20,2025-06-08,yes
Hellbound,hellbound,TV,92,261,9,1,2021-11-21,2024-11-17,yes
Hello Carbot the Movie: The Secret of Omphalos Island,hello-carbot-the-movie-the-secret-of-omphalos-island,Films,1,1,1,10,2024-04-21,2024-04-21,no
Hello Ghost,hello-ghost,Films,5,15,8,1,2023-09-10,2024-01-14,yes
Heo's Diner,heo-s-diner,TV,1,2,2,4,2025-03-30,2025-04-06,no
Her Private Life,her-private-life,TV,2,6,6,3,2021-07-25,2021-10-31,no
Hero,hero,Films,3,4,4,2,2022-04-24,2025-01-05,no
Heroes,heroes,TV,9,15,4,5,2026-07-05,2026-07-26,yes
Hidden,hidden,Films,1,1,1,5,2023-06-04,2023-06-04,no
Hierarchy,hierarchy,Films,72,288,11,1,2024-06-09,2026-03-22,yes
High Cookie,high-cookie,TV,1,5,5,3,2023-10-29,2023-11-26,yes
High Society,high-society,Films,3,4,3,10,2023-05-21,2024-10-27,no
Highway Family,highway-family,Films,2,4,4,2,2023-12-17,2024-03-03,no
Hindsight,hindsight,Films,1,2,2,5,2026-08-02,2026-08-09,yes
Hitman 2,hitman-2,Films,1,2,2,3,2026-05-03,2026-05-10,yes
Hitman: Agent Jun,hitman-agent-jun,Films,3,9,9,3,2022-08-14,2025-03-30,yes
Holi-Day,holi-day,TV,1,8,8,1,2025-06-15,2025-08-10,no
Holy Night: Demon Hunters,holy-night-demon-hunters,Films,1,5,5,1,2025-08-03,2025-08-31,no
Holy Punch,holy-punch,Films,1,12,12,2,2024-05-26,2024-09-01,no
Home Sweet Home,home-sweet-home,Films,2,5,5,3,2022-12-18,2025-03-09,no
Homemade Love Story,homemade-love-story,TV,3,5,2,8,2022-08-28,2022-09-04,no
Hometown,hometown,TV,1,1,1,9,2023-11-05,2023-11-05,no
Hometown Cha-Cha-Cha,hometown-cha-cha-cha,TV,40,371,34,1,2021-08-29,2026-02-01,yes
Homme Fatale,homme-fatale,Films,1,1,1,4,2021-10-31,2021-10-31,no
Honest Candidate,honest-candidate,Films,1,4,4,3,2022-09-25,2022-10-16,yes
Honeymoon,honeymoon,Films,3,13,11,1,2022-12-25,2023-03-12,no
Honour,honour,TV,2,7,4,1,2024-07-14,2024-08-04,yes
Hope,hope,Films,1,2,2,3,2022-02-27,2022-03-06,yes
Hopeless,hopeless,Films,2,6,6,1,2024-06-23,2025-01-19,no
Hospital Playlist,hospital-playlist,TV,11,219,26,1,2021-07-04,2022-12-11,yes
Hostage: Missing Celebrity,hostage-missing-celebrity,Films,1,3,3,1,2021-12-05,2021-12-19,no
Hot Blooded,hot-blooded,Films,2,5,5,2,2024-06-23,2024-10-06,no
Hot Stove League,hot-stove-league,TV,3,9,9,2,2023-01-08,2025-01-12,no
Hotel Del Luna,hotel-del-luna,TV,5,27,11,1,2021-07-04,2022-01-23,yes
Hotel Lake,hotel-lake,Films,1,2,2,1,2022-03-27,2022-04-03,no
House of Lies,house-of-lies,Films,3,3,1,5,2026-01-11,2026-01-11,no
House of the Seasons,house-of-the-seasons,Films,1,1,1,3,2026-02-22,2026-02-22,no
Human Vapor,human-vapor,TV,28,43,7,1,2026-07-05,2026-08-16,yes
Humint,humint,Films,67,125,11,1,2026-04-05,2026-06-28,yes
Hunt,hunt,Films,4,10,10,1,2022-12-11,2026-07-12,yes
Husbands in Action,husbands-in-action,Films,41,85,9,1,2026-06-21,2026-08-16,yes
I,i,Films,2,3,3,3,2023-10-29,2025-03-30,no
I Am Sam,i-am-sam,Films,1,1,1,7,2023-11-12,2023-11-12,no
I am Solo,i-am-solo,TV,1,112,111,1,2021-11-21,2026-08-16,no
I Can't Live Without You,i-can-t-live-without-you,Films,20,36,4,1,2024-08-18,2024-09-08,yes
I Need Romance,i-need-romance,TV,1,6,6,7,2021-07-11,2021-08-15,no
I Saw the Devil,i-saw-the-devil,Films,1,2,2,3,2021-11-21,2021-11-28,no
"I, the Executioner",i-the-executioner,Films,2,11,11,1,2025-02-02,2025-08-10,no
Idol I,idol-i,TV,17,40,6,3,2025-12-28,2026-02-01,yes
If Wishes Could Kill,if-wishes-could-kill,TV,65,187,10,1,2026-04-26,2026-06-28,yes
Illusion,illusion,Films,1,2,2,5,2023-01-15,2023-01-22,no
Impetigore,impetigore,Films,1,5,5,2,2021-10-03,2021-10-31,no
In Between,in-between,Films,2,3,3,5,2024-10-06,2025-09-28,no
In Her Place,in-her-place,Films,2,5,3,3,2024-10-13,2024-10-27,no
In Our Prime,in-our-prime,Films,1,6,6,1,2022-06-26,2022-07-31,yes
In the Name of God: A Holy Betrayal,in-the-name-of-god-a-holy-betrayal,TV,7,24,6,2,2023-03-05,2023-04-09,yes
Innocence,innocence,Films,1,1,1,9,2022-10-23,2022-10-23,no
Innocent Witness,innocent-witness,Films,1,1,1,8,2023-04-02,2023-04-02,no
Inside Men,inside-men,Films,3,6,5,1,2021-09-12,2022-08-07,yes
Insider,insider,TV,1,7,7,2,2022-07-31,2022-09-11,no
Inspector Koo,inspector-koo,TV,7,29,7,3,2021-11-07,2021-12-19,yes
Iris,iris,TV,1,2,2,9,2022-07-24,2022-07-31,yes
Iron Family,iron-family,TV,1,1,1,6,2024-10-06,2024-10-06,yes
Iron Man,iron-man,Films,1,1,1,10,2022-01-09,2022-01-09,no
Island,island,Films,2,12,7,1,2023-07-23,2023-09-24,yes
It's Okay to Not Be Okay,it-s-okay-to-not-be-okay,TV,1,13,13,1,2025-07-20,2025-10-12,yes
It’s Okay!,it-s-okay,Films,1,2,2,3,2026-06-07,2026-06-14,yes
Itaewon Class,itaewon-class,TV,4,74,64,1,2021-07-04,2022-11-06,yes
Jackpot,jackpot,Films,2,15,12,1,2022-08-14,2022-10-30,no
Jeong-Sun,jeong-sun,Films,1,1,1,3,2024-12-22,2024-12-22,no
Jirisan,jirisan,TV,8,26,9,1,2022-10-30,2023-05-28,yes
Jo Pil-ho: The Dawning Rage,jo-pil-ho-the-dawning-rage,Films,1,3,3,7,2022-01-23,2022-02-06,yes
Judge vs. Judge,judge-vs-judge,TV,1,1,1,10,2025-04-13,2025-04-13,no
JUNG_E,jung-e,Films,87,172,4,1,2023-01-22,2023-02-12,yes
Juror 8,juror-8,Films,1,2,2,6,2024-05-12,2024-05-19,no
Juvenile Justice,juvenile-justice,TV,31,134,14,1,2022-02-27,2026-07-12,yes
Karma,karma,TV,42,93,6,1,2025-04-06,2025-05-11,yes
KATURI the Movie The Big City Adventure,katuri-the-movie-the-big-city-adventure,Films,1,2,2,9,2023-09-03,2023-09-10,no
Keys to the Heart,keys-to-the-heart,Films,1,3,3,3,2023-10-08,2023-10-22,no
Keys To The Heart,keys-to-the-heart,Films,1,1,1,9,2024-11-17,2024-11-17,no
Kill Boksoon,kill-boksoon,Films,84,225,11,1,2023-04-02,2025-10-12,yes
King of Prison 2: The Prison War,king-of-prison-2-the-prison-war,Films,1,2,2,3,2022-07-03,2022-07-10,no
King the Land,king-the-land,TV,55,452,22,1,2023-06-18,2024-08-04,yes
Kingdom,kingdom,Films,31,121,39,1,2021-07-25,2026-07-19,yes
Kingdom: Ashin of the North,kingdom-ashin-of-the-north,Films,76,135,12,1,2021-07-25,2021-10-31,yes
Kingmaker,kingmaker,Films,1,2,2,7,2025-10-19,2025-10-26,no
Knight Flower,knight-flower,TV,1,1,1,8,2024-11-03,2024-11-03,yes
Knock Knock,knock-knock,Films,4,4,2,7,2021-10-10,2024-02-11,no
Land,land,Films,43,53,23,3,2023-01-01,2025-03-02,yes
Land Of Happiness,land-of-happiness,Films,1,2,2,4,2026-03-22,2026-03-29,no
Last Holiday,last-holiday,Films,36,44,5,3,2022-08-14,2024-12-29,yes
Last Knights,last-knights,Films,20,28,3,2,2022-07-03,2022-07-17,yes
Last Summer,last-summer,TV,6,12,7,1,2021-07-11,2025-11-23,yes
Law School,law-school,TV,2,3,2,8,2021-07-04,2021-07-11,yes
Lawless Lawyer,lawless-lawyer,TV,11,28,5,1,2021-08-01,2021-08-29,yes
Liar,liar,TV,2,4,3,5,2022-05-01,2022-05-15,no
Lies Hidden in my Garden,lies-hidden-in-my-garden,TV,1,5,5,1,2023-06-25,2023-07-23,no
Life,life,Films,11,15,7,4,2021-12-05,2025-05-18,yes
Life is Beautiful,life-is-beautiful,Films,1,3,3,2,2023-01-15,2023-01-29,no
Life Is Beautiful,life-is-beautiful,Films,1,2,2,5,2023-01-29,2025-02-02,no
"Like Father, Like Son",like-father-like-son,Films,1,1,1,7,2022-05-29,2022-05-29,no
Like Flowers in Sand,like-flowers-in-sand,TV,2,4,3,6,2023-12-24,2024-01-07,yes
Little Women,little-women,Films,72,288,40,1,2021-08-29,2023-06-04,yes
Live,live,Films,1,5,5,3,2024-01-07,2024-02-04,no
Live Stream,live-stream,Films,1,2,2,2,2023-10-08,2023-10-15,no
Lobby,lobby,Films,1,3,3,2,2026-07-12,2026-07-26,no
Long Distance,long-distance,Films,1,2,2,7,2026-06-14,2026-06-21,no
Lookism,lookism,TV,10,15,2,5,2022-12-11,2022-12-18,yes
Lost in Starlight,lost-in-starlight,Films,2,4,2,5,2025-06-01,2025-06-08,yes
Love (ft. Marriage and Divorce),love-ft-marriage-and-divorce,TV,10,89,19,2,2021-07-04,2022-05-08,yes
Love and Leashes,love-and-leashes,Films,18,35,4,1,2022-02-13,2022-03-06,yes
Love Child,love-child,Films,1,2,2,5,2025-01-05,2025-01-12,no
Love in Contract,love-in-contract,TV,1,1,1,9,2024-11-17,2024-11-17,no
Love in the Big City,love-in-the-big-city,Films,2,11,11,1,2025-02-16,2025-09-21,yes
Love in the Moonlight,love-in-the-moonlight,TV,1,2,2,6,2022-07-24,2022-07-31,no
Love is for Suckers,love-is-for-suckers,TV,1,1,1,6,2022-12-11,2022-12-11,no
Love Letter,love-letter,Films,2,2,1,4,2024-12-15,2024-12-15,no
Love me,love-me,TV,2,11,4,2,2024-02-11,2024-03-03,no
Love Me,love-me,TV,1,5,5,7,2025-12-21,2026-01-18,no
Love Next Door,love-next-door,TV,53,368,13,1,2024-08-18,2024-11-10,yes
Love Reset,love-reset,Films,1,3,3,1,2024-07-07,2024-07-21,no
Love Scout,love-scout,TV,9,54,10,2,2025-01-05,2026-03-15,yes
Love Song,love-song,Films,2,2,1,8,2021-10-31,2021-10-31,no
Love to Hate You,love-to-hate-you,TV,51,88,6,1,2023-02-12,2023-03-19,yes
Love Untangled,love-untangled,Films,61,129,7,1,2025-08-31,2025-10-12,yes
Lovely Runner,lovely-runner,TV,13,51,10,1,2024-08-04,2026-06-21,yes
Lucid Dream,lucid-dream,Films,1,2,2,6,2022-04-17,2022-04-24,no
Luck-Key,luck-key,Films,1,1,1,9,2021-08-29,2021-08-29,no
Mad for Each Other,mad-for-each-other,TV,1,3,3,5,2021-07-04,2022-01-30,no
Madam,madam,TV,2,4,2,4,2025-10-05,2025-10-12,no
Made in Korea,made-in-korea,Films,54,107,5,1,2026-03-15,2026-05-24,yes
Mama,mama,Films,13,15,4,4,2024-06-02,2026-02-08,yes
Man in Love,man-in-love,Films,7,30,28,1,2021-08-22,2025-12-07,yes
Man of Men,man-of-men,Films,1,1,1,10,2022-04-24,2022-04-24,no
Mantis,mantis,Films,59,117,8,1,2025-09-28,2025-11-16,yes
Marry YOU,marry-you,TV,3,5,2,3,2024-11-24,2024-12-01,yes
Mask Girl,mask-girl,TV,72,155,8,1,2023-08-20,2023-10-08,yes
Master,master,Films,1,1,1,6,2023-01-15,2023-01-15,no
Melo Movie,melo-movie,TV,27,44,5,1,2025-02-16,2025-03-16,yes
Memoir of a Murderer,memoir-of-a-murderer,Films,1,1,1,9,2022-03-13,2022-03-13,yes
Memory,memory,Films,20,58,20,1,2022-12-04,2026-05-10,yes
Men of Plastic,men-of-plastic,Films,1,5,5,1,2023-03-12,2023-04-09,yes
Men on a Mission,men-on-a-mission,TV,1,5,5,7,2021-07-18,2021-12-05,no
Mercy For None,mercy-for-none,TV,75,210,12,1,2025-06-08,2026-08-09,yes
Metamorphosis,metamorphosis,Films,1,2,2,9,2021-09-19,2021-09-26,yes
Mickey 17,mickey-17,Films,14,16,2,3,2026-05-24,2026-05-31,yes
Midnight,midnight,Films,2,5,5,2,2022-10-16,2023-05-14,yes
Midnight Runners,midnight-runners,Films,2,6,6,2,2022-09-11,2023-10-29,yes
Midnight Sun,midnight-sun,Films,8,9,5,2,2023-05-07,2025-09-07,yes
Military Prosecutor Doberman,military-prosecutor-doberman,TV,13,38,10,1,2022-09-04,2024-07-21,yes
Mimi,mimi,Films,21,109,14,1,2021-08-01,2021-10-31,yes
Mine,mine,Films,36,87,12,1,2021-07-04,2023-03-12,yes
Miracle in Cell No. 7,miracle-in-cell-no-7,Films,2,6,6,2,2022-09-18,2024-01-28,yes
Miracle in Cell No.7,miracle-in-cell-no-7,Films,1,1,1,6,2023-05-28,2023-05-28,no
Miracle: Letters to the President,miracle-letters-to-the-president,Films,1,7,7,2,2021-12-26,2022-02-06,yes
Miraculous Brothers,miraculous-brothers,TV,5,8,3,6,2023-09-17,2023-10-01,yes
Miss & Mrs. Cops,miss-mrs-cops,Films,1,1,1,6,2021-12-12,2021-12-12,yes
Miss Baek,miss-baek,Films,1,2,2,4,2024-05-19,2024-05-26,no
Miss Conspirator,miss-conspirator,Films,1,2,2,8,2026-02-15,2026-02-22,no
Miss Granny,miss-granny,Films,1,1,1,8,2022-12-18,2022-12-18,yes
Miss Night and Day,miss-night-and-day,TV,38,293,14,1,2024-06-16,2024-09-15,yes
Missing: The Other Side,missing-the-other-side,TV,10,26,8,3,2022-10-16,2023-06-18,yes
Mission: Cross,mission-cross,Films,43,70,9,1,2024-08-11,2024-12-08,yes
Mission: Possible,mission-possible,Films,1,3,3,3,2023-10-15,2023-10-29,no
Misty,misty,TV,1,3,3,4,2021-11-14,2021-11-28,yes
Moby Dick,moby-dick,Films,1,3,3,1,2021-09-19,2021-10-03,no
Modern Family,modern-family,TV,8,22,8,2,2021-08-08,2021-10-17,yes
Money Heist: Korea - Joint Economic Area,money-heist-korea-joint-economic-area,TV,77,212,7,1,2022-06-26,2022-12-25,yes
Monster,monster,Films,27,40,13,2,2021-10-10,2026-01-18,yes
Montage,montage,Films,1,1,1,9,2026-05-03,2026-05-03,yes
Monthly Magazine Home,monthly-magazine-home,TV,1,2,2,6,2021-08-15,2021-08-22,no
More Than Blue,more-than-blue,Films,1,5,5,1,2022-05-08,2022-06-05,yes
More Than Family,more-than-family,Films,1,1,1,3,2021-12-12,2021-12-12,yes
Morning Glory,morning-glory,Films,5,9,4,4,2022-09-11,2024-05-12,yes
Mothers,mothers,Films,2,10,5,1,2021-10-24,2021-11-21,no
Moving On,moving-on,Films,9,9,8,2,2024-04-14,2025-09-21,yes
Mr. Plankton,mr-plankton,TV,42,98,6,1,2024-11-10,2024-12-15,yes
Mr. Queen,mr-queen,TV,43,213,12,1,2023-02-19,2024-08-11,yes
Mr. Right,mr-right,Films,2,3,2,5,2024-10-06,2024-10-13,no
Mr. Robot,mr-robot,TV,43,74,6,1,2021-08-29,2021-10-24,yes
Mr. Sunshine,mr-sunshine,TV,1,23,23,7,2021-08-22,2023-04-23,yes
Ms. Apocalypse,ms-apocalypse,Films,1,2,2,4,2024-07-28,2024-08-04,no
Murder Report,murder-report,Films,1,6,6,1,2025-12-14,2026-01-18,no
Murderer,murderer,Films,6,7,2,2,2023-11-12,2023-11-19,yes
Musudan,musudan,Films,1,1,1,4,2021-11-21,2021-11-21,no
My Absolute Boyfriend,my-absolute-boyfriend,TV,1,3,3,4,2022-11-13,2022-11-27,yes
My Annoying Brother,my-annoying-brother,Films,2,5,4,1,2025-03-02,2025-03-23,yes
"My Boss, My Teacher",my-boss-my-teacher,Films,1,2,2,7,2022-11-20,2022-11-27,no
My Country: The New Age,my-country-the-new-age,TV,1,3,3,3,2021-08-08,2021-08-22,yes
My Demon,my-demon,TV,66,506,20,1,2023-11-26,2024-08-11,yes
My First Client,my-first-client,Films,1,2,2,7,2021-07-04,2021-07-11,no
My Girl,my-girl,Films,1,1,1,9,2021-07-04,2021-07-04,yes
My Golden Life,my-golden-life,TV,1,3,3,6,2022-08-07,2022-08-21,yes
My Happy Ending,my-happy-ending,TV,1,6,6,4,2024-01-07,2024-02-11,yes
My Heart Puppy,my-heart-puppy,Films,1,1,1,6,2024-09-29,2024-09-29,yes
My ID is Gangnam Beauty,my-id-is-gangnam-beauty,TV,11,23,11,4,2021-11-07,2023-03-05,yes
My Liberation Notes,my-liberation-notes,TV,15,83,15,1,2022-04-17,2022-07-24,yes
"My Love, My Bride",my-love-my-bride,Films,1,1,1,6,2022-11-20,2022-11-20,yes
My Lovely Liar,my-lovely-liar,TV,3,4,2,6,2025-09-28,2025-10-05,yes
My Mister,my-mister,TV,1,8,8,5,2021-07-04,2022-06-19,yes
My Name,my-name,TV,91,277,9,1,2021-10-17,2021-12-12,yes
My Name Is Loh Kiwan,my-name-is-loh-kiwan,Films,31,50,5,1,2024-03-03,2024-03-31,yes
My Old Lady,my-old-lady,Films,2,2,1,9,2023-06-11,2023-06-11,no
My Roommate Is a Gumiho,my-roommate-is-a-gumiho,TV,7,35,23,1,2022-03-06,2023-04-30,yes
My Royal Nemesis,my-royal-nemesis,TV,49,338,10,1,2026-05-10,2026-07-12,yes
My Sassy Girl,my-sassy-girl,TV,2,4,4,5,2021-08-08,2021-11-28,no
My Son,my-son,Films,10,20,4,1,2024-02-25,2024-05-05,yes
My Sweet Mobster,my-sweet-mobster,TV,1,3,3,9,2024-08-25,2024-09-08,no
My Turn,my-turn,TV,1,1,1,10,2025-09-21,2025-09-21,no
My Unfamiliar Family,my-unfamiliar-family,TV,1,1,1,10,2022-07-31,2022-07-31,no
My Wonderful Life,my-wonderful-life,Films,1,1,1,4,2022-03-06,2022-03-06,no
My Worst Neighbor,my-worst-neighbor,Films,1,2,2,2,2023-10-01,2023-10-08,no
Nailed,nailed,Films,1,1,1,8,2022-02-20,2022-02-20,no
Narco-Saints,narco-saints,TV,82,164,10,1,2022-09-11,2022-11-13,yes
National Security,national-security,Films,2,2,1,7,2021-10-24,2021-10-24,no
Never Give Up,never-give-up,TV,1,9,9,3,2022-05-15,2022-07-10,no
"Nevertheless,",nevertheless,TV,33,156,16,1,2021-07-04,2021-10-24,yes
New Normal,new-normal,Films,1,2,2,5,2026-03-08,2026-03-15,yes
New World,new-world,TV,2,4,3,8,2021-11-28,2021-12-12,yes
Next Door,next-door,Films,1,2,2,2,2023-04-02,2023-04-09,no
Next Sohee,next-sohee,Films,1,2,2,5,2023-07-23,2023-07-30,yes
Night and Day,night-and-day,TV,1,3,3,7,2024-11-03,2024-11-17,no
Night Has Come,night-has-come,TV,1,4,4,4,2023-12-10,2023-12-31,no
Night in Paradise,night-in-paradise,Films,1,13,13,5,2021-07-11,2022-04-24,no
No Mercy,no-mercy,Films,2,5,5,2,2022-04-24,2026-01-11,no
No Other Choice,no-other-choice,Films,1,6,6,1,2026-02-01,2026-03-08,yes
No Tail to Tell,no-tail-to-tell,TV,23,73,8,3,2026-01-18,2026-03-08,yes
No Tears for the Dead,no-tears-for-the-dead,Films,1,1,1,6,2024-06-02,2024-06-02,no
Nobody Knows,nobody-knows,Films,1,1,1,2,2023-06-11,2023-06-11,no
Nocturnal,nocturnal,Films,2,15,15,1,2025-05-18,2025-11-23,no
Noise,noise,Films,72,115,10,1,2023-01-15,2026-08-16,yes
Noryang: Deadly Sea,noryang-deadly-sea,Films,1,4,4,1,2024-04-21,2024-05-12,no
Not Others,not-others,TV,1,1,1,10,2025-01-05,2025-01-05,yes
Notes from the Last Row,notes-from-the-last-row,TV,21,29,4,2,2026-06-28,2026-07-19,yes
Nothing Serious,nothing-serious,Films,1,4,4,5,2023-01-01,2023-02-19,no
Now and Forever,now-and-forever,TV,1,1,1,8,2024-12-22,2024-12-22,no
"Now, We Are Breaking Up",now-we-are-breaking-up,TV,1,5,5,1,2023-04-09,2023-05-07,yes
Number One,number-one,Films,2,5,5,1,2026-05-24,2026-08-16,no
Oasis,oasis,TV,82,253,9,2,2026-06-21,2026-08-16,yes
Obsessed,obsessed,Films,1,1,1,10,2023-10-08,2023-10-08,yes
Off Road,off-road,TV,1,5,5,1,2025-07-13,2025-08-10,no
Officer Black Belt,officer-black-belt,Films,89,205,7,1,2024-09-15,2025-03-30,yes
Oh My Baby,oh-my-baby,TV,2,3,2,8,2022-07-10,2022-07-17,no
Oh My Ghost Clients,oh-my-ghost-clients,TV,7,36,7,2,2025-06-01,2025-07-13,yes
Oh My Venus,oh-my-venus,TV,17,47,10,3,2021-10-10,2022-09-04,yes
Oldboy,oldboy,Films,2,3,3,4,2021-12-26,2023-06-04,yes
Omniscient Reader: The Prophecy,omniscient-reader-the-prophecy,Films,1,6,6,1,2025-12-07,2026-01-11,no
Once Again,once-again,Films,3,12,12,2,2021-07-11,2024-07-14,yes
Once Upon a Small Town,once-upon-a-small-town,TV,21,24,5,3,2022-09-25,2022-11-13,yes
One Night Stand,one-night-stand,Films,2,4,4,1,2023-05-21,2026-05-10,no
One on One,one-on-one,Films,1,1,1,4,2024-10-27,2024-10-27,yes
One Ordinary Day,one-ordinary-day,TV,1,2,2,8,2023-04-16,2023-04-23,no
One the Woman,one-the-woman,TV,12,24,7,1,2022-10-09,2025-08-17,yes
One-Line,one-line,Films,1,2,2,3,2022-02-20,2022-02-27,no
Only God knows Everything,only-god-knows-everything,Films,1,3,3,3,2025-12-14,2025-12-28,no
Only You,only-you,TV,7,17,8,1,2022-01-30,2025-08-17,yes
Open City,open-city,Films,1,2,2,5,2024-11-17,2024-11-24,no
Operation Chromite,operation-chromite,Films,2,3,2,9,2022-02-06,2022-02-13,yes
Our Beloved Summer,our-beloved-summer,TV,18,137,15,1,2021-12-12,2022-03-20,yes
Our Blooming Youth,our-blooming-youth,TV,1,1,1,10,2025-06-22,2025-06-22,yes
Our Blues,our-blues,TV,12,123,16,1,2022-04-17,2022-07-31,yes
Our Season,our-season,Films,1,5,5,2,2024-03-10,2024-04-07,no
Our Sticky Love,our-sticky-love,TV,68,112,2,1,2026-08-09,2026-08-16,yes
Our Universe,our-universe,TV,5,6,2,7,2022-11-27,2022-12-04,yes
Our Unwritten Seoul,our-unwritten-seoul,TV,40,176,9,1,2025-05-25,2025-07-20,yes
Outback,outback,Films,1,2,2,10,2023-07-30,2023-08-06,no
Outlaw,outlaw,Films,53,80,2,2,2024-09-15,2024-09-22,yes
Pale Moon,pale-moon,TV,1,6,6,3,2023-04-23,2023-05-28,yes
Pandora,pandora,Films,1,1,1,9,2026-02-08,2026-02-08,no
Parasite,parasite,Films,4,11,11,3,2021-07-04,2025-12-07,yes
Parasyte: The Grey,parasyte-the-grey,TV,84,247,11,1,2024-04-07,2024-06-16,yes
Parole Examiner Lee,parole-examiner-lee,TV,1,6,6,1,2024-11-24,2024-12-29,yes
Part-Time Spy,part-time-spy,Films,1,2,2,4,2022-10-16,2022-10-23,no
Pavane,pavane,Films,19,26,3,1,2026-02-22,2026-03-08,yes
Pawn,pawn,Films,1,2,2,9,2023-02-12,2023-02-19,yes
Payback,payback,Films,2,2,1,9,2021-09-19,2021-09-19,no
Payback: Money and Power,payback-money-and-power,TV,1,1,1,6,2025-02-23,2025-02-23,yes
Peninsula,peninsula,Films,5,11,10,1,2021-07-04,2026-06-14,yes
People and Meat,people-and-meat,Films,1,3,3,4,2026-07-12,2026-07-26,no
Perfect Marriage Revenge,perfect-marriage-revenge,TV,1,4,4,6,2023-11-05,2023-11-26,yes
Perhaps Love,perhaps-love,Films,1,7,7,2,2022-02-13,2022-03-27,no
Persona: Sulli,persona-sulli,Films,2,2,1,6,2023-11-19,2023-11-19,no
Phantom,phantom,Films,2,4,4,1,2024-01-07,2024-10-13,yes
Phantom Lawyer,phantom-lawyer,TV,20,120,11,1,2026-03-15,2026-05-24,yes
Physical: Asia,physical-asia,TV,44,101,5,1,2025-11-02,2025-11-30,yes
Picnic,picnic,Films,1,2,2,4,2024-05-26,2024-06-02,no
Pilot,pilot,Films,1,12,12,1,2024-11-24,2025-02-09,no
Pink,pink,Films,1,2,2,6,2021-07-18,2021-07-25,no
Pinocchio,pinocchio,TV,1,3,3,9,2022-06-05,2023-03-26,yes
PLUTO,pluto,TV,2,3,2,5,2023-10-29,2023-11-05,no
Police University,police-university,TV,6,16,4,3,2022-07-31,2022-08-21,yes
"Poong, the Joseon Psychiatrist",poong-the-joseon-psychiatrist,TV,13,28,6,1,2023-01-15,2024-09-22,yes
Pororo and Friends: Virus Busters,pororo-and-friends-virus-busters,Films,1,1,1,9,2023-12-31,2023-12-31,no
"Pororo, The Racing Adventure",pororo-the-racing-adventure,Films,1,1,1,10,2023-12-10,2023-12-10,no
Portrait of a Beauty,portrait-of-a-beauty,Films,1,2,2,10,2022-12-04,2022-12-11,no
Poseidon,poseidon,Films,11,13,5,4,2023-09-17,2026-06-28,yes
Positively Yours,positively-yours,TV,1,3,3,8,2026-01-25,2026-02-22,yes
Possessed,possessed,Films,2,3,2,3,2023-02-19,2023-02-26,no
Possession,possession,Films,3,5,2,3,2023-04-23,2023-04-30,no
Pretty Crazy,pretty-crazy,Films,1,6,6,1,2025-11-30,2026-01-04,no
Princess Aurora,princess-aurora,Films,1,1,1,6,2024-05-26,2024-05-26,no
Prison Playbook,prison-playbook,TV,3,33,28,2,2021-07-11,2023-02-26,yes
Pro Bono,pro-bono,TV,7,40,8,3,2025-12-14,2026-02-01,yes
PROJECT SILENCE,project-silence,Films,2,8,8,1,2024-10-20,2025-06-29,yes
Project Wolf Hunting,project-wolf-hunting,Films,3,10,10,1,2023-03-19,2023-06-25,yes
Project Y,project-y,Films,1,3,3,1,2026-04-19,2026-05-03,yes
Proof of Innocence,proof-of-innocence,Films,1,2,2,3,2026-02-22,2026-03-01,no
Puppy Love,puppy-love,Films,1,1,1,8,2026-02-08,2026-02-08,no
Pure Love,pure-love,Films,1,3,3,6,2025-03-30,2025-04-13,no
Queen,queen,TV,2,4,3,3,2022-06-26,2022-07-10,no
Queen Mantis,queen-mantis,TV,7,38,6,1,2025-09-07,2025-10-12,yes
Queen of Divorce,queen-of-divorce,TV,1,3,3,5,2024-06-16,2024-06-30,yes
Queen of Masks,queen-of-masks,TV,1,8,8,5,2023-04-30,2023-06-18,no
Queen of Tears,queen-of-tears,TV,46,443,22,1,2024-03-10,2024-08-18,yes
Queenmaker,queenmaker,TV,45,98,6,1,2023-04-16,2023-05-21,yes
Racket Boys,racket-boys,TV,5,22,7,4,2021-07-04,2021-08-22,yes
Rainbow,rainbow,Films,1,3,3,3,2022-10-02,2022-10-16,no
Ransomed,ransomed,Films,2,11,10,1,2023-11-12,2025-02-09,yes
Real,real,Films,1,2,2,4,2025-03-30,2025-04-06,yes
Real Men,real-men,TV,2,7,6,1,2025-05-25,2025-06-29,no
Rebirth,rebirth,TV,1,2,2,9,2026-04-12,2026-04-19,no
Reborn Rich,reborn-rich,TV,2,13,13,1,2022-11-20,2025-06-08,yes
Rebound,rebound,Films,1,5,5,1,2023-07-16,2023-08-13,yes
Recalled,recalled,Films,1,2,2,6,2022-02-27,2022-03-06,yes
Red Balloon,red-balloon,TV,1,10,10,3,2023-01-08,2023-03-12,no
Red Eye,red-eye,TV,30,54,12,2,2022-10-09,2025-07-13,yes
Reflection of You,reflection-of-you,TV,2,9,8,3,2021-10-17,2021-12-05,no
Remarriage & Desires,remarriage-desires,TV,33,71,6,1,2022-07-17,2022-08-21,yes
Remember,remember,Films,1,3,3,3,2024-05-05,2024-05-19,no
Remember You,remember-you,TV,1,1,1,10,2021-10-10,2021-10-10,no
Reminiscence,reminiscence,Films,11,15,11,2,2022-05-22,2024-09-01,yes
Reply 1988,reply-1988,TV,5,44,39,3,2021-07-04,2022-12-11,yes
Reset,reset,TV,3,5,2,6,2022-04-10,2022-04-17,no
Resident Playbook,resident-playbook,TV,18,85,10,1,2025-04-13,2025-06-15,yes
Respect,respect,Films,1,1,1,7,2023-03-12,2023-03-12,no
Return,return,TV,1,4,4,3,2023-12-24,2024-01-14,no
Revelations,revelations,Films,66,112,5,1,2025-03-23,2025-04-20,yes
Revenge,revenge,Films,7,14,7,1,2022-01-23,2026-01-04,yes
Revolver,revolver,Films,2,3,3,7,2022-05-22,2026-06-14,yes
Rewind,rewind,Films,8,10,3,1,2024-03-31,2024-04-14,yes
Road to Boston,road-to-boston,Films,1,1,1,9,2026-03-08,2026-03-08,yes
Romance in the House,romance-in-the-house,TV,37,152,9,2,2024-08-11,2024-10-06,yes
Rookie Cops,rookie-cops,TV,1,1,1,7,2023-10-08,2023-10-08,yes
Runaway,runaway,TV,2,5,3,6,2023-11-19,2023-12-03,no
Running Wild,running-wild,Films,1,1,1,9,2021-09-05,2021-09-05,no
RV: Resurrected Victims,rv-resurrected-victims,Films,1,1,1,10,2022-03-20,2022-03-20,yes
Safe,safe,Films,22,52,22,1,2021-12-05,2024-08-04,yes
Save Me,save-me,TV,2,6,6,2,2024-01-21,2024-03-31,no
Scent of a Woman,scent-of-a-woman,Films,38,49,5,3,2023-02-19,2025-01-26,yes
Search Out,search-out,Films,1,1,1,7,2024-05-19,2024-05-19,no
Search WWW,search-www,TV,3,7,6,2,2021-08-08,2021-11-14,no
Secret Garden,secret-garden,TV,1,2,2,4,2022-06-19,2022-06-26,no
Secret Royal Inspector & Joy,secret-royal-inspector-joy,TV,11,18,3,3,2022-05-08,2022-05-29,yes
Secret Zoo,secret-zoo,Films,1,1,1,9,2022-05-15,2022-05-15,yes
Secretary,secretary,Films,1,1,1,8,2023-01-08,2023-01-08,no
"Secretly, Greatly",secretly-greatly,Films,2,3,3,7,2023-12-10,2024-06-02,yes
Secrets and Lies,secrets-and-lies,TV,2,2,1,8,2025-04-27,2025-04-27,no
See You in My 19th Life,see-you-in-my-19th-life,TV,35,122,7,2,2023-06-18,2023-07-30,yes
Sell Your Haunted House,sell-your-haunted-house,TV,7,21,6,3,2022-07-24,2022-08-28,yes
Seobok,seobok,Films,2,3,3,4,2022-06-19,2025-03-23,no
Seoul Vibe,seoul-vibe,Films,20,45,6,1,2022-08-28,2022-10-02,yes
Serve the People,serve-the-people,Films,1,2,2,5,2023-11-05,2023-11-12,no
Seven Days,seven-days,Films,1,2,2,9,2023-09-10,2023-09-17,no
Sh**ting Stars,sh-ting-stars,TV,20,70,7,2,2022-10-16,2022-11-27,yes
Shadows in the Palace,shadows-in-the-palace,Films,1,1,1,9,2024-06-16,2024-06-16,no
She was pretty,she-was-pretty,TV,1,4,4,4,2021-07-11,2021-08-01,no
She Would Never Know,she-would-never-know,TV,10,13,4,1,2022-07-10,2023-06-11,yes
Shiri,shiri,Films,1,1,1,8,2025-07-06,2025-07-06,yes
Showtime,showtime,Films,1,1,1,10,2022-05-08,2022-05-08,no
Single in Seoul,single-in-seoul,Films,1,3,3,4,2024-03-03,2024-03-17,yes
Single Rider,single-rider,Films,1,1,1,6,2024-01-14,2024-01-14,no
Sinkhole,sinkhole,Films,2,12,12,1,2021-11-21,2024-08-11,yes
Siren,siren,TV,1,1,1,5,2025-09-07,2025-09-07,no
Sister,sister,Films,1,2,2,1,2026-05-17,2026-05-24,no
SKY Castle,sky-castle,TV,1,1,1,10,2022-02-13,2022-02-13,no
Slave,slave,Films,1,1,1,10,2025-03-09,2025-03-09,no
Sleep,sleep,Films,2,5,5,2,2023-12-17,2024-05-26,no
Sleepless,sleepless,Films,19,32,8,2,2021-12-19,2024-06-30,yes
Smugglers,smugglers,Films,1,3,3,1,2024-04-28,2024-05-12,yes
Snatch Up,snatch-up,Films,1,2,2,6,2022-02-20,2022-02-27,no
Snowpiercer,snowpiercer,TV,24,60,12,3,2021-12-05,2022-04-10,yes
Soil,soil,TV,2,7,7,2,2022-03-27,2022-05-22,yes
Solace,solace,Films,3,6,5,3,2022-06-12,2024-04-28,yes
Sold Out on You,sold-out-on-you,TV,46,232,8,1,2026-04-26,2026-06-14,yes
Solo Leveling,solo-leveling,TV,11,255,29,1,2024-01-14,2025-04-13,yes
Somebody,somebody,TV,11,24,4,3,2022-11-20,2022-12-11,yes
Someone Like You,someone-like-you,Films,3,4,3,4,2026-04-12,2026-08-09,no
Someone You Loved,someone-you-loved,Films,1,2,2,2,2023-05-21,2023-05-28,no
Song of the Bandits,song-of-the-bandits,TV,26,34,5,1,2023-09-24,2023-10-22,yes
sorry? not sorry!,sorry-not-sorry,TV,1,2,2,6,2024-12-08,2024-12-15,no
Soulmate,soulmate,Films,3,4,2,4,2022-04-03,2022-04-10,yes
Space Sweepers,space-sweepers,Films,1,1,1,9,2021-10-03,2021-10-03,yes
Special Delivery,special-delivery,Films,1,2,2,7,2026-02-15,2026-02-22,no
Spiritwalker,spiritwalker,Films,1,3,3,1,2022-05-29,2022-06-12,yes
Split,split,Films,3,4,4,4,2021-07-11,2024-04-07,no
Spooky in Love,spooky-in-love,TV,48,191,5,1,2026-07-19,2026-08-16,yes
Spotlight,spotlight,Films,5,5,3,6,2021-08-15,2023-05-07,yes
Spring Garden,spring-garden,Films,1,1,1,5,2025-03-02,2025-03-02,no
Spring of Youth,spring-of-youth,TV,1,1,1,9,2025-05-11,2025-05-11,yes
Spy,spy,Films,30,61,5,2,2024-12-08,2025-01-05,yes
Squid Game,squid-game,TV,93,3228,60,1,2021-09-19,2025-09-07,yes
Stand By Me,stand-by-me,Films,1,1,1,10,2022-05-01,2022-05-01,no
Start-Up,start-up,TV,2,4,4,5,2021-10-10,2026-03-01,yes
Steel Rain2: Summit,steel-rain2-summit,Films,1,3,3,1,2022-10-16,2022-10-30,no
Stellar,stellar,Films,1,2,2,3,2025-04-20,2025-04-27,no
Stepmom,stepmom,Films,21,33,7,4,2021-07-04,2024-10-13,yes
Stepmother,stepmother,TV,1,9,9,4,2025-01-26,2025-03-23,no
Still Shining,still-shining,TV,8,12,5,5,2026-03-08,2026-04-05,yes
Stone Skipping,stone-skipping,Films,1,2,2,4,2021-07-18,2021-07-25,no
Stranger,stranger,TV,1,1,1,9,2021-08-08,2021-08-08,yes
Streaming,streaming,Films,1,5,5,2,2025-06-29,2025-07-27,no
Strong Girl Bong-soon,strong-girl-bong-soon,TV,3,8,5,3,2023-02-05,2023-10-29,no
Strong Girl Nam-soon,strong-girl-nam-soon,TV,45,244,9,1,2023-10-08,2023-12-03,yes
Strongest Deliveryman,strongest-deliveryman,TV,1,1,1,9,2022-12-04,2022-12-04,no
Success,success,TV,1,1,1,8,2025-04-06,2025-04-06,no
Summer Strike,summer-strike,TV,7,12,2,7,2023-02-26,2023-03-05,yes
Summertime,summertime,TV,3,5,3,1,2022-05-08,2022-05-22,yes
Sunflower,sunflower,Films,1,1,1,7,2021-11-21,2021-11-21,yes
Sunim & Sonim: Soul Trip in India,sunim-sonim-soul-trip-in-india,TV,1,3,3,4,2026-05-24,2026-06-07,no
Sunset,sunset,TV,1,3,3,1,2025-06-08,2025-06-29,no
Sunshine,sunshine,Films,2,7,6,1,2025-11-30,2026-01-11,no
Suspect,suspect,TV,2,4,3,4,2024-08-04,2024-08-18,no
Svaha: The Sixth Finger,svaha-the-sixth-finger,Films,1,4,4,6,2024-03-03,2024-03-24,yes
Swallow,swallow,Films,1,5,5,1,2021-10-03,2021-10-31,no
Sweet & Sour,sweet-sour,Films,1,4,4,7,2021-07-04,2021-10-03,no
Sweet Home,sweet-home,TV,42,247,12,1,2023-11-12,2024-08-25,yes
Sweetheart,sweetheart,Films,2,4,4,1,2024-08-11,2026-06-28,no
Sweethearts,sweethearts,Films,2,10,8,2,2022-02-06,2022-03-27,no
Swindlers,swindlers,TV,1,1,1,7,2026-04-12,2026-04-12,no
Switch,switch,Films,3,11,11,2,2021-07-04,2023-09-24,yes
Take 1,take-1,TV,1,1,1,9,2022-10-23,2022-10-23,no
Take My Hand,take-my-hand,Films,2,4,2,5,2025-01-05,2025-01-12,no
Take Point,take-point,Films,1,2,2,4,2022-11-20,2022-11-27,no
Tale of the Nine Tailed,tale-of-the-nine-tailed,TV,6,17,8,4,2022-12-11,2023-10-08,yes
Tarot,tarot,Films,54,93,34,1,2024-08-04,2026-07-26,yes
Tastefully Yours,tastefully-yours,TV,54,247,8,1,2025-05-18,2025-07-06,yes
Taxi Driver,taxi-driver,TV,22,141,46,1,2022-01-02,2026-01-18,yes
Tazza: One Eyed Jack,tazza-one-eyed-jack,Films,1,1,1,7,2022-10-09,2022-10-09,no
Tazza: The Hidden Card,tazza-the-hidden-card,Films,2,4,4,5,2022-09-25,2023-07-16,no
Tazza: The High Rollers,tazza-the-high-rollers,Films,1,2,2,9,2023-05-07,2023-05-14,yes
Temptation,temptation,TV,1,2,2,3,2025-05-25,2025-06-01,no
That Night,that-night,TV,50,115,5,1,2026-03-15,2026-04-12,yes
The 8 Show,the-8-show,TV,68,144,10,1,2024-05-19,2025-01-12,yes
The 8th Night,the-8th-night,Films,10,24,5,1,2021-07-04,2021-08-01,yes
The Accidental Detective 2: In Action,the-accidental-detective-2-in-action,Films,1,1,1,7,2021-12-12,2021-12-12,no
The Aftermath of Murder,the-aftermath-of-murder,Films,1,1,1,9,2022-07-24,2022-07-24,no
The Apartment Job,the-apartment-job,TV,19,63,6,3,2026-07-12,2026-08-16,yes
The Art of Sarah,the-art-of-sarah,TV,65,200,8,1,2026-02-15,2026-04-05,yes
The Assassin,the-assassin,Films,1,2,2,3,2023-07-23,2023-07-30,yes
The Atypical Family,the-atypical-family,TV,39,200,11,1,2024-05-05,2024-07-14,yes
The Auditors,the-auditors,TV,5,7,5,4,2024-12-15,2026-08-16,yes
The Bad Guys: Reign of Chaos,the-bad-guys-reign-of-chaos,Films,2,5,5,3,2022-10-23,2023-01-08,no
The Battle of Jangsari,the-battle-of-jangsari,Films,2,4,4,5,2022-03-13,2025-02-02,no
The Battle: Roar to Victory,the-battle-roar-to-victory,Films,1,4,4,5,2021-08-22,2023-09-17,yes
The Battleship Island,the-battleship-island,Films,3,6,4,5,2023-01-08,2026-04-05,no
The Beast,the-beast,Films,3,5,5,1,2024-01-07,2026-05-17,no
The Bequeathed,the-bequeathed,TV,29,51,5,1,2024-01-21,2024-02-18,yes
The Berlin File,the-berlin-file,Films,2,2,2,8,2021-09-12,2026-04-05,yes
The Book of Fish,the-book-of-fish,Films,1,2,2,4,2022-05-29,2022-06-05,yes
The Boy Next Door,the-boy-next-door,Films,7,8,3,6,2022-01-09,2024-07-28,yes
The Boys,the-boys,Films,1,5,5,3,2024-10-20,2024-11-17,yes
The Cave,the-cave,Films,4,5,4,8,2022-06-12,2026-07-12,no
The Childe,the-childe,Films,2,8,8,1,2023-12-17,2026-04-12,yes
The Closet,the-closet,Films,1,1,1,2,2025-03-16,2025-03-16,yes
The Concubine,the-concubine,Films,1,1,1,7,2023-09-24,2023-09-24,no
The Crowned Clown,the-crowned-clown,TV,12,27,6,1,2021-08-15,2022-01-09,yes
The Culprit,the-culprit,Films,1,3,3,1,2025-04-27,2025-05-11,no
The Cursed,the-cursed,Films,38,53,18,3,2022-03-20,2026-01-11,yes
The Day I Died: Unclosed Case,the-day-i-died-unclosed-case,Films,1,4,4,3,2024-05-05,2024-07-07,no
The Deal,the-deal,Films,1,2,2,6,2022-12-11,2022-12-18,no
The Desperate Chase,the-desperate-chase,Films,1,2,2,4,2026-03-08,2026-03-15,yes
The Devil Judge,the-devil-judge,TV,5,12,3,4,2022-01-02,2022-01-16,yes
The Devil's Deal,the-devil-s-deal,Films,1,2,2,2,2024-05-05,2024-05-12,yes
The Devil's Plan,the-devil-s-plan,TV,23,60,9,1,2023-10-01,2025-06-01,yes
The Divine Fury,the-divine-fury,Films,4,9,9,2,2022-01-23,2023-10-15,yes
The Divine Move 2: The Wrathful,the-divine-move-2-the-wrathful,Films,1,1,1,8,2021-12-12,2021-12-12,yes
The Dream Life of Mr. Kim,the-dream-life-of-mr-kim,TV,1,8,8,1,2025-10-26,2025-12-14,yes
The Drug King,the-drug-king,Films,1,2,2,8,2022-09-25,2022-10-02,yes
The Echoes of Survivors: Inside Korea’s Tragedies,the-echoes-of-survivors-inside-korea-s-tragedies,TV,3,7,3,2,2025-08-17,2025-08-31,no
The Fabulous,the-fabulous,TV,4,5,2,9,2023-01-01,2023-01-08,yes
The Face Reader,the-face-reader,Films,1,2,2,7,2026-03-01,2026-03-08,yes
The Favor,the-favor,Films,1,2,2,5,2026-07-05,2026-07-12,no
The Fiery Priest,the-fiery-priest,TV,2,2,2,6,2021-08-22,2025-02-16,no
The Five,the-five,Films,1,2,2,4,2024-06-02,2024-06-09,yes
The Fortress,the-fortress,Films,3,3,1,3,2024-05-05,2024-05-05,yes
The Frog,the-frog,TV,39,83,6,1,2024-08-25,2024-09-29,yes
The Game,the-game,Films,12,16,7,1,2022-05-22,2024-07-28,yes
"The Gangster, The Cop, The Devil",the-gangster-the-cop-the-devil,Films,3,7,7,3,2021-11-14,2022-05-29,no
The Gentlemen's League,the-gentlemen-s-league,TV,1,4,4,8,2021-09-19,2023-10-15,no
The Girl on a Bulldozer,the-girl-on-a-bulldozer,Films,1,3,3,1,2022-06-19,2022-07-03,no
The Glory,the-glory,TV,91,601,29,1,2023-01-01,2025-06-29,yes
The Goblin,the-goblin,Films,1,3,3,4,2023-10-22,2023-11-05,no
The Good Bad Mother,the-good-bad-mother,TV,34,191,11,1,2023-04-30,2023-07-09,yes
The Gossip,the-gossip,Films,1,2,2,8,2024-10-27,2024-11-03,no
The Great Flood,the-great-flood,Films,93,351,11,1,2025-12-21,2026-03-15,yes
The Great Seduction,the-great-seduction,Films,21,39,3,1,2023-09-03,2023-09-17,yes
The Guard Post,the-guard-post,Films,1,2,2,4,2021-09-05,2021-09-12,no
The Guest,the-guest,TV,43,137,9,1,2024-03-17,2025-11-09,yes
The Handmaiden,the-handmaiden,Films,1,2,2,6,2022-02-13,2022-02-20,yes
The Haunted Palace,the-haunted-palace,TV,8,65,11,1,2025-04-20,2026-07-05,yes
The House,the-house,Films,6,7,5,1,2021-08-22,2025-01-19,yes
The Housemaid,the-housemaid,Films,1,1,1,10,2024-09-08,2024-09-08,yes
The Hovering Blade,the-hovering-blade,TV,1,1,1,4,2023-10-22,2023-10-22,no
The Influencer,the-influencer,TV,21,56,10,1,2023-12-17,2024-09-01,yes
The Informant,the-informant,TV,1,3,3,5,2025-05-18,2025-06-01,no
The Interest of Love,the-interest-of-love,TV,12,51,9,1,2023-01-08,2023-03-19,yes
The Invasion,the-invasion,Films,3,3,2,10,2021-09-05,2026-07-05,no
The Journey,the-journey,TV,2,2,1,7,2023-04-30,2023-04-30,no
The K2,the-k2,TV,1,2,2,8,2022-04-17,2022-04-24,no
The Killer: A Girl Who Deserves to Die,the-killer-a-girl-who-deserves-to-die,Films,1,4,4,2,2023-05-28,2023-06-18,yes
The Killers,the-killers,Films,1,3,3,3,2025-11-02,2025-11-16,yes
The Killing Vote,the-killing-vote,TV,1,11,11,2,2023-08-20,2023-10-29,yes
The King,the-king,Films,2,5,5,5,2023-08-27,2023-10-08,no
The King's Affection,the-king-s-affection,TV,34,232,19,1,2021-10-17,2022-07-24,yes
The Land,the-land,Films,1,1,1,3,2021-12-05,2021-12-05,no
The Land of Morning Calm,the-land-of-morning-calm,Films,1,2,2,3,2026-01-04,2026-01-11,no
The Layover,the-layover,Films,1,1,1,9,2023-07-09,2023-07-09,no
The Legend of the Blue Sea,the-legend-of-the-blue-sea,TV,2,3,3,7,2021-11-14,2022-06-19,yes
The Lord Musang King,the-lord-musang-king,Films,1,1,1,5,2024-03-31,2024-03-31,no
The Man Standing Next,the-man-standing-next,Films,1,3,3,6,2023-12-03,2023-12-17,yes
The Match,the-match,Films,8,25,10,1,2025-05-11,2025-07-27,yes
The Matchmakers,the-matchmakers,TV,1,3,3,5,2023-11-05,2023-11-19,yes
The Mayor,the-mayor,Films,1,2,2,7,2022-06-19,2022-06-26,no
The Medium,the-medium,Films,3,9,9,1,2021-11-21,2022-02-27,no
The Merciless,the-merciless,Films,1,1,1,10,2021-10-03,2021-10-03,no
The Moon,the-moon,Films,3,6,5,5,2024-08-11,2026-06-07,yes
The Negotiation,the-negotiation,Films,2,3,3,5,2021-12-12,2022-03-13,yes
The Net,the-net,Films,11,18,11,2,2021-08-15,2026-07-12,yes
The Night Owl,the-night-owl,Films,2,4,4,5,2023-05-07,2026-04-05,no
The Noisy Mansion,the-noisy-mansion,Films,1,2,2,7,2026-07-12,2026-07-19,yes
The One and Only,the-one-and-only,TV,1,2,2,5,2022-02-13,2022-02-20,no
The Other Child,the-other-child,Films,1,2,2,3,2023-03-26,2023-04-02,no
The Outlaws,the-outlaws,Films,3,4,4,5,2021-11-14,2022-01-16,yes
The Pact,the-pact,Films,1,2,2,1,2026-03-22,2026-03-29,no
The Penthouse: War in Life,the-penthouse-war-in-life,TV,12,63,22,4,2022-01-09,2024-03-10,yes
The People Upstairs,the-people-upstairs,Films,1,5,5,1,2026-03-29,2026-04-26,yes
The Pirates,the-pirates,Films,1,3,3,3,2022-01-23,2022-02-06,yes
The Pirates: The Last Royal Treasure,the-pirates-the-last-royal-treasure,Films,67,158,7,1,2022-03-06,2022-04-17,yes
The Plan,the-plan,TV,1,3,3,2,2023-02-05,2023-02-19,no
The Point Men,the-point-men,Films,3,10,8,1,2023-05-07,2026-05-31,yes
The Policeman's Lineage,the-policeman-s-lineage,Films,2,7,7,5,2023-01-01,2023-05-14,yes
The Potato Lab,the-potato-lab,TV,20,77,7,4,2025-03-02,2025-04-13,yes
The Precious memory of Gogo Brothers,the-precious-memory-of-gogo-brothers,Films,1,2,2,5,2022-01-02,2022-01-09,no
The Price of Confession,the-price-of-confession,TV,39,84,5,1,2025-12-07,2026-01-04,yes
The Prison,the-prison,Films,2,6,6,3,2022-05-15,2023-05-21,no
The Promise,the-promise,Films,2,37,37,2,2021-09-12,2023-11-19,yes
The Queen of Crime,the-queen-of-crime,Films,1,2,2,6,2026-03-29,2026-04-05,no
The Queen's Classroom,the-queen-s-classroom,TV,2,2,2,5,2021-10-31,2026-07-05,no
The Raincoat Killer: Chasing a Predator in Korea,the-raincoat-killer-chasing-a-predator-in-korea,TV,1,2,2,7,2021-10-24,2021-10-31,no
The Real Has Come!,the-real-has-come,TV,2,5,4,5,2023-06-18,2023-07-09,yes
The Red Sleeve,the-red-sleeve,TV,2,2,1,9,2025-01-12,2025-01-12,yes
The Rewrite,the-rewrite,Films,1,2,2,5,2024-03-24,2024-03-31,no
The Roundup,the-roundup,Films,2,5,5,3,2022-12-25,2023-09-17,yes
The Roundup: No Way Out,the-roundup-no-way-out,Films,1,2,2,2,2023-10-01,2023-10-08,yes
The Roundup: Punishment,the-roundup-punishment,Films,1,2,2,1,2025-12-07,2025-12-14,yes
The Secret Life of My Secretary,the-secret-life-of-my-secretary,TV,1,2,2,7,2021-12-05,2021-12-12,yes
The Shadow,the-shadow,TV,2,4,2,3,2025-05-04,2025-05-11,no
The Silent Sea,the-silent-sea,TV,76,124,5,1,2021-12-26,2022-01-23,yes
The Sin,the-sin,Films,1,3,3,3,2024-06-23,2024-07-07,no
The Sound of Magic,the-sound-of-magic,TV,36,74,3,1,2022-05-08,2022-05-22,yes
The Spy Gone North,the-spy-gone-north,Films,1,1,1,9,2022-02-06,2022-02-06,yes
The Stone,the-stone,Films,8,16,5,1,2025-08-03,2025-08-31,yes
The Suspect,the-suspect,Films,1,1,1,6,2024-12-01,2024-12-01,no
The Swindlers,the-swindlers,Films,5,7,3,6,2022-12-25,2023-04-30,yes
The Sword with No Name,the-sword-with-no-name,Films,1,1,1,6,2024-09-08,2024-09-08,no
The Tale of Lady Ok,the-tale-of-lady-ok,TV,12,48,11,1,2024-12-01,2025-02-09,yes
The Thieves,the-thieves,Films,1,2,2,6,2022-01-02,2022-01-09,yes
The Three Musketeers,the-three-musketeers,Films,1,2,2,7,2022-07-03,2022-07-10,yes
The Tooth and the Nail,the-tooth-and-the-nail,Films,1,1,1,5,2024-09-29,2024-09-29,yes
The Trauma Code: Heroes on Call,the-trauma-code-heroes-on-call,TV,63,210,27,1,2025-01-26,2026-07-05,yes
The Trunk,the-trunk,TV,41,86,6,1,2024-12-01,2025-01-05,yes
The Tunnel,the-tunnel,Films,3,3,1,5,2025-09-07,2025-09-07,no
The Ugly,the-ugly,Films,1,7,7,1,2026-01-11,2026-02-22,yes
The Uncanny Counter,the-uncanny-counter,TV,21,146,17,1,2021-07-11,2023-09-24,yes
The Uninvited,the-uninvited,Films,4,6,3,6,2025-11-02,2026-08-09,no
The Unjust,the-unjust,Films,1,2,2,8,2023-04-23,2023-04-30,yes
The Vanished,the-vanished,Films,7,8,3,3,2021-08-15,2024-10-13,yes
The Villagers,the-villagers,Films,1,2,2,2,2024-05-26,2024-06-02,yes
The Wailing,the-wailing,Films,1,2,2,6,2022-10-23,2022-10-30,yes
The Way Back,the-way-back,Films,21,25,11,3,2021-09-26,2026-06-14,yes
The Wedding Day,the-wedding-day,Films,1,2,2,3,2025-09-07,2025-09-14,no
The Winning Try,the-winning-try,TV,5,16,6,3,2025-07-27,2025-08-31,yes
The Witch,the-witch,TV,1,6,6,2,2025-02-16,2025-03-23,yes
The Witch : Part2. The Other One,the-witch-part2-the-other-one,Films,1,3,3,3,2026-03-22,2026-04-05,no
The Witch: Part 1 - The Subversion,the-witch-part-1-the-subversion,Films,1,9,9,5,2021-12-05,2022-07-24,no
The WONDERfools,the-wonderfools,TV,64,216,7,1,2026-05-17,2026-06-28,yes
The World of Love,the-world-of-love,Films,1,2,2,2,2026-06-07,2026-06-14,no
The World of the Married,the-world-of-the-married,TV,3,8,8,2,2022-05-01,2023-09-03,yes
The Yellow Sea,the-yellow-sea,Films,1,4,4,5,2024-02-25,2024-03-17,no
Thirty-Nine,thirty-nine,TV,16,107,11,1,2022-02-20,2022-05-01,yes
Three,three,Films,1,1,1,5,2021-12-26,2021-12-26,no
Through the Darkness,through-the-darkness,TV,7,17,7,2,2022-10-09,2025-08-24,yes
Tidal Wave,tidal-wave,Films,1,1,1,8,2021-08-08,2021-08-08,yes
Tie A Yellow Ribbon,tie-a-yellow-ribbon,Films,1,1,1,10,2023-04-16,2023-04-16,no
Time,time,Films,2,5,5,1,2024-02-04,2026-07-19,yes
To Be Continued,to-be-continued,TV,1,1,1,8,2024-02-25,2024-02-25,no
To My Beloved Thief,to-my-beloved-thief,TV,2,10,8,3,2026-01-11,2026-03-01,yes
Together,together,Films,2,5,3,1,2023-04-16,2023-04-30,no
Tomb of the River,tomb-of-the-river,Films,1,4,4,2,2023-06-11,2023-07-02,yes
Tomorrow,tomorrow,TV,21,135,12,1,2022-04-10,2022-06-26,yes
Touch Your Heart,touch-your-heart,TV,2,7,7,2,2021-07-25,2021-12-05,no
Toxic,toxic,Films,1,2,2,6,2023-06-04,2023-06-11,no
Trade Your Love,trade-your-love,Films,1,2,2,6,2025-05-04,2025-05-11,no
Train to Busan,train-to-busan,Films,5,11,7,1,2021-12-05,2022-10-23,yes
Trigger,trigger,TV,45,110,8,1,2025-07-27,2025-09-14,yes
Troll Factory,troll-factory,Films,1,5,5,1,2024-07-14,2024-08-11,no
Trolley,trolley,TV,4,9,5,5,2023-01-15,2023-02-19,yes
Troubleshooter,troubleshooter,Films,1,2,2,6,2026-02-15,2026-02-22,no
True Beauty,true-beauty,TV,53,489,44,1,2023-02-12,2024-08-25,yes
True to Love,true-to-love,TV,1,2,2,3,2023-06-04,2023-06-11,no
Truth,truth,TV,1,3,3,1,2024-03-31,2024-04-14,no
Tunnel,tunnel,Films,5,14,6,2,2021-09-12,2023-05-07,yes
Twins,twins,Films,6,6,3,8,2022-06-19,2026-01-25,yes
Typhoon Family,typhoon-family,TV,19,58,9,1,2025-10-12,2025-12-07,yes
Umma,umma,Films,1,1,1,9,2022-08-28,2022-08-28,no
Uncle,uncle,TV,1,4,4,6,2023-10-29,2023-11-19,no
Under the Queen's Umbrella,under-the-queen-s-umbrella,TV,21,128,10,1,2022-10-23,2022-12-25,yes
Undercover Miss Hong,undercover-miss-hong,TV,14,69,10,2,2026-01-18,2026-03-22,yes
Unforgiven,unforgiven,Films,2,2,1,10,2025-06-01,2025-06-01,no
Unlock My Boss,unlock-my-boss,TV,11,42,5,2,2023-03-12,2023-04-09,yes
Unlocked,unlocked,Films,52,145,13,1,2022-06-12,2024-01-14,yes
Unstoppable,unstoppable,Films,5,10,6,2,2022-09-04,2024-07-14,yes
Untouchable,untouchable,Films,3,3,2,4,2022-03-20,2026-01-11,no
Uprising,uprising,Films,77,148,9,1,2024-10-13,2025-01-05,yes
Urban Myths,urban-myths,Films,2,4,4,3,2023-03-12,2024-12-29,no
Usury Academy,usury-academy,Films,1,3,3,1,2024-02-25,2024-03-10,no
V.I.P.,v-i-p,Films,1,3,3,3,2023-12-31,2024-01-14,no
Vagabond,vagabond,TV,1,8,8,1,2021-07-25,2021-10-03,no
Vanished,vanished,Films,2,5,3,1,2026-02-08,2026-02-22,no
Vertigo,vertigo,Films,1,1,1,10,2024-05-12,2024-05-12,no
Veteran,veteran,Films,1,3,3,3,2024-09-15,2024-09-29,yes
Villains,villains,Films,1,1,1,10,2022-08-07,2022-08-07,yes
Vincenzo,vincenzo,TV,17,213,76,3,2021-07-04,2023-06-11,yes
Virus,virus,Films,2,5,5,3,2025-08-03,2026-06-14,no
Voice,voice,TV,2,3,3,5,2021-12-26,2022-05-29,yes
Voice Of Silence,voice-of-silence,Films,2,3,3,1,2021-11-07,2023-10-08,no
Wall to Wall,wall-to-wall,Films,58,110,6,1,2025-07-20,2025-08-24,yes
Wanted,wanted,Films,16,20,8,4,2022-07-10,2025-07-27,yes
War of the Arrows,war-of-the-arrows,Films,1,2,2,7,2023-10-15,2023-10-22,no
Wasteland,wasteland,Films,1,2,2,8,2023-04-23,2023-04-30,no
Watcher,watcher,Films,37,50,22,2,2023-03-12,2025-03-09,yes
Waves,waves,Films,16,18,7,3,2021-12-19,2026-01-11,yes
Way Home,way-home,Films,6,12,5,1,2022-06-19,2025-06-15,yes
We Are All Trying Here,we-are-all-trying-here,TV,3,11,9,1,2026-04-19,2026-06-14,yes
Weak Hero,weak-hero,TV,72,393,13,1,2025-03-30,2026-03-08,yes
Wedding Impossible,wedding-impossible,TV,1,1,1,7,2026-04-12,2026-04-12,yes
Welcome to Samdal-ri,welcome-to-samdal-ri,TV,35,166,12,1,2023-12-03,2024-02-18,yes
Welcome to Wedding Hell,welcome-to-wedding-hell,TV,1,2,2,8,2022-06-12,2022-06-19,yes
What's Wrong with Secretary Kim,what-s-wrong-with-secretary-kim,TV,5,15,12,1,2021-08-01,2022-04-17,yes
When Life Gives You Tangerines,when-life-gives-you-tangerines,TV,43,344,21,1,2025-03-09,2025-08-03,yes
When My Love Blooms,when-my-love-blooms,TV,4,7,5,2,2022-06-26,2022-09-25,yes
When Spring Comes,when-spring-comes,TV,1,2,2,6,2024-01-21,2024-01-28,no
When the Phone Rings,when-the-phone-rings,TV,52,372,10,1,2024-11-24,2025-01-26,yes
When the Stars Gossip,when-the-stars-gossip,TV,19,39,7,2,2025-01-05,2025-02-16,yes
When the Weather Is Fine,when-the-weather-is-fine,TV,1,2,2,10,2023-02-05,2023-02-12,yes
Whenever Possible,whenever-possible,TV,1,2,2,7,2025-05-11,2026-08-16,no
Where Would You Like to Go?,where-would-you-like-to-go,Films,1,1,1,9,2023-10-22,2023-10-22,no
While You Were Sleeping,while-you-were-sleeping,TV,2,4,4,5,2021-10-03,2024-09-08,no
Whispering Corridors 6: The Humming,whispering-corridors-6-the-humming,Films,1,2,2,5,2021-09-12,2021-09-19,yes
White Night,white-night,Films,1,2,2,7,2023-04-30,2023-05-07,yes
Wild Card,wild-card,Films,13,21,7,2,2022-06-26,2026-02-22,yes
Wild Sing,wild-sing,Films,2,5,3,1,2026-08-02,2026-08-16,yes
Windmill,windmill,Films,1,2,2,6,2023-10-01,2023-10-08,no
Wish,wish,Films,1,3,3,3,2024-05-19,2026-05-10,no
Witch at Court,witch-at-court,TV,4,7,2,7,2021-09-12,2021-09-19,no
With or Without You,with-or-without-you,Films,2,2,1,6,2025-10-12,2025-10-12,no
Witness,witness,Films,2,2,2,10,2026-03-01,2026-03-08,no
Wolf,wolf,Films,1,1,1,9,2022-06-05,2022-06-05,no
Wonderful Nightmare,wonderful-nightmare,Films,1,4,4,1,2026-07-12,2026-08-02,no
Wonderland,wonderland,Films,9,22,8,2,2024-07-28,2024-12-29,yes
Wrath,wrath,TV,43,80,3,1,2026-08-02,2026-08-16,yes
Wrongfully Accused,wrongfully-accused,Films,2,2,1,5,2022-05-22,2022-05-22,no
X,x,Films,1,1,1,8,2023-12-03,2023-12-03,no
Yadang: The Snitch,yadang-the-snitch,Films,1,8,8,1,2025-09-14,2025-11-02,yes
Yaksha: Ruthless Operations,yaksha-ruthless-operations,Films,61,143,8,1,2022-04-10,2022-05-29,yes
Yesterday,yesterday,Films,12,14,8,4,2021-08-22,2025-08-03,yes
You and Everything Else,you-and-everything-else,TV,9,17,7,2,2025-09-14,2025-10-26,yes
You Are the Apple of My Eye,you-are-the-apple-of-my-eye,Films,2,2,2,7,2025-09-28,2025-11-30,no
Young Adult Matters,young-adult-matters,Films,1,2,2,4,2021-07-04,2021-07-11,no
Young Lady and Gentleman,young-lady-and-gentleman,TV,54,351,17,1,2022-08-28,2023-06-11,yes
Your Letter,your-letter,Films,1,2,2,2,2026-01-11,2026-01-18,no
Youth,youth,Films,12,30,7,1,2026-04-19,2026-05-31,yes
Zombie Detective,zombie-detective,TV,3,5,2,4,2021-08-22,2021-08-29,no
