name,slug,wikipedia_page,born,charting_titles,chart_places,countries
Lee You-mi,lee-you-mi,Lee Yoo-mi,1994-07-18,6,4347,93
Park Hae-soo,park-hae-soo,Park Hae-soo,1981-11-21,10,4226,93
Kim Young-ok,kim-young-ok,Kim Young-ok,1938-01-06,5,4005,93
Wi Ha-jun,wi-ha-jun,Wi Ha-joon,,4,3777,93
Gong Yoo,gong-yoo,Gong Yoo,1979-07-10,7,3507,93
Lee Byung-hun,lee-byung-hun,Lee Byung-hun,1970-07-12,13,3477,93
Kang Mal-Geum,kang-mal-geum,Kang Mal-geum,,5,3402,93
Heo Sung-tae,heo-sung-tae,Heo Sung-tae,1977-10-20,8,3384,93
Lee Jung-jae,lee-jung-jae,Lee Jung-jae,1972-12-15,9,3257,93
You Seong-joo,you-seong-joo,You Seong-joo,1973-11-12,3,3248,93
Heo Dong-won,heo-dong-won,Heo Dong-won,1980-06-09,4,3242,93
Kim Joo-ryoung,kim-joo-ryoung,Kim Joo-ryoung,1976-07-15,3,3232,93
Jung Ho-yeon,jung-ho-yeon,Jung Ho-yeon,1994-06-23,2,3230,93
Jeon Bae-soo,jeon-bae-soo,Jeon Bae-soo,,3,1580,93
Lee Sang-yi,lee-sang-yi,Lee Sang-yi (actor),1991-11-27,3,1460,87
Yeom Hye-ran,yeom-hye-ran,Yeom Hye-ran,,11,1341,93
Yoo In-soo,yoo-in-soo,Yoo In-soo,1998-03-25,2,1242,93
Lim Ji-yeon,lim-ji-yeon,Lim Ji-yeon,,8,1217,91
Choi Dae-hoon,choi-dae-hoon,Choi Dae-hoon,1980-11-16,4,1211,82
Yoo Yeon-seok,yoo-yeon-seok,Yoo Yeon-seok,1984-04-11,10,1206,84
Go Youn-jung,go-youn-jung,Go Youn-jung,1996-04-22,7,1192,65
Kim Hae-suk,kim-hae-suk,Kim Hae-sook,1955-12-30,12,1170,78
Lee Chae-min,lee-chae-min,Lee Chae-min,2000-09-15,4,1125,84
Park Sung-hoon,park-sung-hoon,Park Sung-hoon,,4,1096,91
Joo Sang-wook,joo-sang-wook,Joo Sang-wook,1978-07-18,3,1090,81
Park Eun-bin,park-eun-bin,Park Eun-bin,1992-09-04,5,1060,61
Lee Do-hyun,lee-do-hyun,Lee Do-hyun,,5,1059,91
Yu Jun-sang,yu-jun-sang,Yoo Jun-sang,1969-11-28,4,1051,91
Jung So-min,jung-so-min,Jung So-min,1989-03-16,3,1001,56
Jin Kyeong,jin-kyeong,Jin Kyung,1972-03-27,8,994,86
Kim Jae-won,kim-jae-won,"Kim Jae-won (actor, born 2001)",2001-02-09,4,988,77
Im Yoon-ah,im-yoon-ah,Lim Yoona,1990-05-30,5,974,79
Cho Han-cheul,cho-han-cheul,Jo Han-chul,1973-05-13,9,947,72
Park Ji-hu,park-ji-hu,Park Ji-hu,2003-11-07,4,917,93
Song Kang,song-kang,Song Kang,1994-04-23,3,911,67
Kim Eui-sung,kim-eui-sung,Kim Eui-sung,,12,885,82
Jang Young-nam,jang-young-nam,Jang Young-nam,1973-11-25,11,873,90
Jung Sung-il,jung-sung-il,Jung Sung-il (actor),1980-02-03,3,856,93
Ha Yoon-kyung,ha-yoon-kyung,Ha Yoon-kyung,1992-10-20,5,855,61
Choi Young-joon,choi-young-joon,Choi Young-joon,1980-07-07,3,825,87
Kim Sun-young,kim-sun-young,"Kim Sun-young (actress, born 1976)",,6,814,90
Moon So-ri,moon-so-ri,Moon So-ri,1974-07-02,8,809,92
Kim Byung-chul,kim-byung-chul,Kim Byung-chul (actor),1974-07-05,5,804,93
Yoon Kyung-ho,yoon-kyung-ho,Yoon Kyung-ho,1980-07-05,6,790,83
Ryu Kyung-soo,ryu-kyung-soo,Ryu Kyung-soo,1992-10-12,7,788,93
Sul Kyung-gu,sul-kyung-gu,Sul Kyung-gu,,12,783,92
Lee Se-hee,lee-se-hee,Lee Se-hee,,3,762,59
Baek Ji-won,baek-ji-won,Baek Ji-won,1973-04-30,4,758,61
Ahn Eun-jin,ahn-eun-jin,Ahn Eun-jin,,5,757,55
Kim Gap-su,kim-gap-su,Kim Kap-soo,1957-04-07,4,753,52
Heo Nam-jun,heo-nam-jun,Heo Nam-jun,1993-06-09,3,749,56
Kang Han-na,kang-han-na,Kang Han-na,1989-01-30,4,737,80
Son Na-eun,son-na-eun,Son Na-eun,1994-02-10,3,732,81
Park Jeong-min,park-jeong-min,Park Jeong-min (actor),1987-03-24,11,731,92
Im Seong-jae,im-seong-jae,Im Seong-jae (actor),1987-01-18,3,722,85
Kim Woo-bin,kim-woo-bin,Kim Woo-bin,1989-07-16,4,714,90
Koo Kyo-hwan,koo-kyo-hwan,Koo Kyo-hwan,1982-12-14,7,713,91
Lee Kyu-hyung,lee-kyu-hyung,Lee Kyu-hyung,1983-11-29,5,711,93
Lee Jae-wook,lee-jae-wook,Lee Jae-wook,,5,706,52
Kim You-jung,kim-you-jung,Kim You-jung,1999-09-22,6,701,66
Kim Sin-rock,kim-sin-rock,Kim Shin-rok,,6,699,92
Lee Jung-eun,lee-jung-eun,Lee Jung-eun (actress),1970-01-23,9,698,50
Rain,rain,Rain (entertainer),1982-06-25,2,697,87
Choi Byung-chan,choi-byung-chan,Choi Byung-chan,1997-11-12,2,696,59
Woo Do-hwan,woo-do-hwan,Woo Do-hwan,1992-07-12,6,695,87
Lee Jin-uk,lee-jin-uk,Lee Jin-wook,1981-09-16,7,694,59
Lomon,lomon,Lomon,1999-11-11,2,692,93
Kwak Dong-yeon,kwak-dong-yeon,Kwak Dong-yeon,1997-03-19,4,686,46
Ryu Soo-young,ryu-soo-young,Ryu Soo-young,1979-09-05,3,686,87
Park Hae-joon,park-hae-joon,Park Hae-joon,1976-06-14,10,685,81
Lee E-dam,lee-e-dam,Lee E-dam,,4,669,83
Im Gi-hong,im-gi-hong,Im Gi-hong,,2,664,69
Roh Jeong-eui,roh-jeong-eui,Roh Jeong-eui,,5,663,90
Jeon Do-yeon,jeon-do-yeon,Jeon Do-yeon,1973-02-11,9,660,87
Lee Joo-bin,lee-joo-bin,Lee Joo-bin,1989-09-18,3,657,80
Park Seong-ung,park-seong-ung,Park Sung-woong,1973-01-09,10,654,87
Jo Jae-yun,jo-jae-yun,Jo Jae-yoon,1974-10-29,5,643,45
Lee Jun-ho,lee-jun-ho,Lee Jun-ho,1990-01-25,4,636,60
Kim Sae-ron,kim-sae-ron,Kim Sae-ron,2000-07-31,3,635,89
Kim Gun-woo,kim-gun-woo,Kim Gun-woo,,3,630,91
Oh Na-ra,oh-na-ra,Oh Na-ra,1974-10-26,2,628,45
Cho Yi-hyun,cho-yi-hyun,Cho Yi-hyun,,4,627,93
Hwang Min-hyun,hwang-min-hyun,Hwang Min-hyun,1995-08-09,2,627,45
Kim Tae-hun,kim-tae-hun,Kim Tae-hoon (actor),,3,620,69
Kim Hyun-joo,kim-hyun-joo,Kim Hyun-joo,1977-04-24,6,619,93
Kim Ji-hun,kim-ji-hun,"Kim Ji-hoon (actor, born 1981)",,5,619,89
Kim Se-jeong,kim-se-jeong,Kim Se-jeong,1996-08-28,3,615,58
Song Hye-kyo,song-hye-kyo,Song Hye-kyo,,4,614,91
Huh Joon-ho,huh-joon-ho,Huh Joon-ho,1964-04-14,2,612,87
Jung Ziso,jung-ziso,Jung Ji-so,1999-09-17,2,612,91
Cha Joo-young,cha-joo-young,Cha Joo-young,1990-06-05,2,606,91
Go Min-si,go-min-si,Go Min-si,1995-02-15,5,606,57
Shin Ye-eun,shin-ye-eun,Shin Ye-eun,1998-01-18,2,602,91
Seo Yi-sook,seo-yi-sook,Seo Yi-sook,1966-12-06,2,600,80
Jung Hae-in,jung-hae-in,Jung Hae-in,1988-04-01,6,597,69
Choi Siwon,choi-siwon,Choi Si-won,1986-04-07,2,596,88
Kang Tae-oh,kang-tae-oh,Kang Tae-oh,1994-06-20,2,595,57
Kim Seon-ho,kim-seon-ho,Kim Seon-ho,1986-05-08,3,592,60
Kim Sung-kyu,kim-sung-kyu,"Kim Sung-kyu (actor, born 1986)",1989-04-28,3,591,81
Jung Da-eun,jung-da-eun,Jung Da-eun,,2,586,87
Lee Hae-yeong,lee-hae-yeong,Lee Hae-young (actor),1970-09-07,2,584,87
Tae Won-seok,tae-won-seok,Tae Won-seok,1989-06-10,2,584,87
Hwang Jung-min,hwang-jung-min,Hwang Jung-min,1970-09-01,13,579,89
Kang Ha-neul,kang-ha-neul,Kang Ha-neul,1990-02-21,6,572,81
Kim Da-mi,kim-da-mi,Kim Da-mi,1995-04-09,4,566,93
Kim Ji-won,kim-ji-won,Kim Ji-won,1992-10-19,5,554,46
Jung Kyung-ho,jung-kyung-ho,Jung Kyung-ho,1983-08-31,7,552,39
Shin Hae-sun,shin-hae-sun,Shin Hye-sun,1989-08-31,8,550,65
Kang Ki-young,kang-ki-young,Kang Ki-young,1983-10-14,6,549,57
Esom,esom,Esom,1990-01-30,5,547,89
Joo Jong-hyuk,joo-jong-hyuk,"Joo Jong-hyuk (actor, born 1991)",1991-07-27,2,544,57
Shin Min-a,shin-min-a,Shin Min-a,1984-04-05,4,542,40
Go Won-hee,go-won-hee,Go Won-hee,1994-09-12,2,540,60
Park Gyu-young,park-gyu-young,Park Gyu-young,1993-07-27,6,540,65
Chae Soo-bin,chae-soo-bin,Chae Soo-bin,1994-07-10,4,536,76
Lee Deok-hwa,lee-deok-hwa,Lee Deok-hwa,1952-05-08,3,535,58
Kim Ga-eun,kim-ga-eun,Kim Ga-eun,1989-01-08,2,529,55
Joo Hyun-young,joo-hyun-young,Joo Hyun-young,1996-01-14,2,524,57
Choi Jin-hyuk,choi-jin-hyuk,Choi Jin-hyuk,1986-02-09,4,523,43
Jang Ki-Yong,jang-ki-yong,Jang Ki-yong,1992-08-07,3,523,52
So Ji-sub,so-ji-sub,So Ji-sub,1977-11-04,4,523,81
Roh Yoon-seo,roh-yoon-seo,Roh Yoon-seo,2000-01-25,3,522,81
Choi Gwi-hwa,choi-gwi-hwa,Choi Gwi-hwa,,4,521,79
Jung Chae-yeon,jung-chae-yeon,Jung Chae-yeon,1997-12-01,2,513,53
Cha Mi-kyung,cha-mi-kyung,Cha Mi-kyung,1965-07-25,2,509,55
Park Jin-woo,park-jin-woo,Park Jin-woo,,3,508,81
Seo Hye-won,seo-hye-won,Seo Hye-won,1993-11-04,2,504,58
Seol In-ah,seol-in-ah,Seol In-ah,1996-01-03,2,500,58
Chun Woo-hee,chun-woo-hee,Chun Woo-hee,1987-04-20,6,496,77
Jang Seung-jo,jang-seung-jo,Jang Seung-jo,1981-12-13,2,494,71
Kim Yeo-jin,kim-yeo-jin,Kim Yeo-jin,,2,494,53
Park Ji-hoon,park-ji-hoon,Park Ji-hoon,,4,488,89
Kim Go-eun,kim-go-eun,Kim Go-eun,1991-07-02,8,480,82
Ong Seongwu,ong-seongwu,Ong Seong-wu,1995-08-25,3,480,51
Kim Kwang-kyu,kim-kwang-kyu,Kim Kwang-kyu (actor),,2,467,58
Jang Yoon-ju,jang-yoon-ju,Jang Yoon-ju,1980-11-07,4,465,89
Kim Hyeon-sook,kim-hyeon-sook,Kim Hyun-sook,1978-10-16,2,465,58
Kim Soo-hyun,kim-soo-hyun,Kim Soo-hyun,1988-02-16,7,465,46
Claudia Kim,claudia-kim,Claudia Kim,1985-01-25,3,458,69
Jeon Jong-seo,jeon-jong-seo,Jeon Jong-seo,1994-07-05,4,457,89
Yoo Jae-myung,yoo-jae-myung,Yoo Jae-myung,1973-06-03,8,456,64
Jeon So-nee,jeon-so-nee,Jeon So-nee,1991-03-20,6,455,84
Yoon Park,yoon-park,Yoon Park,1987-11-18,4,450,47
Na Young-hee,na-young-hee,Na Young-hee,1961-03-03,3,447,47
Bae Yoon-kyung,bae-yoon-kyung,Bae Yoon-kyung,1993-01-22,3,444,39
Kim Bum,kim-bum,Kim Bum,1989-07-07,5,442,48
Yoo Su-bin,yoo-su-bin,Yoo Su-bin,1992-11-06,3,436,54
Park Hyung-soo,park-hyung-soo,Park Hyung-soo,1980-12-03,2,428,89
Park Seo-joon,park-seo-joon,Park Seo-joon,1988-12-16,8,423,69
Nam Kyung-eup,nam-kyung-eup,Nam Kyung-eup,1958-03-12,3,422,79
Park Myung-hoon,park-myung-hoon,Park Myung-hoon,1975-05-28,5,421,77
Ha Young,ha-young,Ha Young (actress),1993-08-11,3,419,71
Byeon Woo-seok,byeon-woo-seok,Byeon Woo-seok,1991-10-31,4,413,52
Park Bo-gum,park-bo-gum,Park Bo-gum,1990-06-16,4,413,43
Lee Joo-young,lee-joo-young,"Lee Joo-young (actress, born 1987)",,4,410,75
Ko Kyu-pil,ko-kyu-pil,Ko Kyu-pil,1982-05-02,6,407,51
Jun Suk-ho,jun-suk-ho,Jeon Seok-ho,1984-05-02,4,402,53
IU,iu,IU (entertainer),1993-05-16,5,401,45
Kim Jung-hyun,kim-jung-hyun,"Kim Jung-hyun (actor, born 1990)",,3,401,43
Cha Chung-hwa,cha-chung-hwa,Cha Chung-hwa,1980-04-28,2,400,43
Im Chul-soo,im-chul-soo,Im Chul-soo,1984-08-22,2,400,17
Yang Kyung-won,yang-kyung-won,Yang Kyung-won,1981-04-01,2,400,17
Lee Seung-jun,lee-seung-jun,"Lee Seung-joon (actor, born 1973)",1973-02-11,4,399,53
Kim Mu-yeol,kim-mu-yeol,Kim Mu-yeol,1982-05-22,7,397,89
Yoon Ji-on,yoon-ji-on,Yoon Ji-on,1990-05-19,2,394,53
Kim Sung-kyun,kim-sung-kyun,Kim Sung-kyun,1980-07-05,7,392,89
Jin Seon-kyu,jin-seon-kyu,Jin Seon-kyu,1977-09-13,12,388,80
Yoo Ah-in,yoo-ah-in,Yoo Ah-in,1986-10-06,6,388,92
Kang Mi-na,kang-mi-na,Kang Mi-na,1999-12-04,3,387,69
Kim Yoon-hye,kim-yoon-hye,Kim Yoon-hye,1991-05-24,4,387,40
Park Byeong-eun,park-byeong-eun,Park Byung-eun,1977-07-14,10,384,76
Park So-yi,park-so-yi,Park So-yi,2012-03-12,3,383,89
Cha Seung-won,cha-seung-won,Cha Seung-won,1970-06-07,7,382,77
Kim Kum-soon,kim-kum-soon,Kim Kum-soon,1973-08-21,2,376,53
Kim Sang-ho,kim-sang-ho,Kim Sang-ho (actor),1970-07-24,5,374,49
Park Ji-young,park-ji-young,Park Ji-young (actress),1949-08-26,3,374,53
Ju Ji-hoon,ju-ji-hoon,Ju Ji-hoon,1982-05-16,6,372,64
Park Shin-hye,park-shin-hye,Park Shin-hye,1990-02-18,5,370,47
Lee Seung-hyub,lee-seung-hyub,Lee Seung-hyub,1992-10-31,2,369,53
Lee Hak-joo,lee-hak-joo,Lee Hak-joo,1989-01-09,3,364,53
Jo Woo-jin,jo-woo-jin,Jo Woo-jin (actor),1979-01-16,12,359,84
Park Jin-young,park-jin-young,Park Jin-young,1994-09-22,7,357,66
Kim Si-a,kim-si-a,Kim Si-a,2008-05-06,3,350,91
Son Seok-koo,son-seok-koo,Son Suk-ku,1983-02-07,6,345,48
Ma Dong-seok,ma-dong-seok,Ma Dong-seok,1971-03-01,17,344,89
Lee El,lee-el,Lee El,1982-08-26,8,342,63
Kim Won-hae,kim-won-hae,Kim Won-hae,,3,339,72
Choi Woo-shik,choi-woo-shik,Choi Woo-shik,1990-03-26,8,338,48
Jeon Mi-do,jeon-mi-do,Jeon Mi-do,1982-08-04,4,338,16
Choi Gwang-il,choi-gwang-il,Choi Gwang-il,,3,335,52
Seo Jeong-yeon,seo-jeong-yeon,Seo Jeong-yeon,1975-11-30,3,334,52
Lee Hee-joon,lee-hee-joon,Lee Hee-jun,1979-06-29,6,332,89
Hyun Bin,hyun-bin,Hyun Bin,1982-09-25,7,330,55
Lee Si-young,lee-si-young,Lee Si-young,1982-04-17,2,323,42
Ryu Jun-yeol,ryu-jun-yeol,Ryu Jun-yeol,1986-09-25,5,321,74
Bae Suzy,bae-suzy,Bae Suzy,1994-10-10,5,320,51
Kim Hye-soo,kim-hye-soo,Kim Hye-soo,1970-09-05,7,318,35
Lee Moo-saeng,lee-moo-saeng,Lee Moo-saeng,1980-05-10,4,316,91
Nam Ji-hyun,nam-ji-hyun,Nam Ji-hyun,,4,315,72
Jeon Yeo-been,jeon-yeo-been,Jeon Yeo-been,1989-07-26,6,308,44
Son Ye-jin,son-ye-jin,Son Ye-jin,1982-01-11,6,308,16
Jun,jun,Lee Jun-young,1997-01-22,3,305,89
Jeong Jin-yeong,jeong-jin-yeong,Jung Jin-young (actor),1964-10-16,6,297,66
Kim Gyu-ri,kim-gyu-ri,"Kim Gyu-ri (actress, born August 1979)",,2,296,91
Kim Sung-oh,kim-sung-oh,Kim Sung-oh,1978-09-15,8,296,77
Lee Bong-ryun,lee-bong-ryun,Lee Bong-ryun,1981-02-07,2,296,34
Park Bo-young,park-bo-young,Park Bo-young,1990-02-12,6,294,42
Hong Seo Joon,hong-seo-joon,Hong Seo Joon,,2,293,53
Yang Se-jong,yang-se-jong,Yang Se-jong,1992-12-23,4,293,49
Kim Do-wan,kim-do-wan,Kim Do-wan,1995-03-08,3,289,48
Cho Jung-seok,cho-jung-seok,Jo Jung-suk,1980-12-26,7,288,23
Kim Hye-jun,kim-hye-jun,Kim Hye-jun,1995-05-08,5,288,54
Kim Min-ho,kim-min-ho,Kim Min-ho,1990-01-09,2,288,48
Park Hyung-sik,park-hyung-sik,Park Hyung-sik,1991-11-16,2,288,47
Song Joong-ki,song-joong-ki,Song Joong-ki,1985-09-19,7,285,33
Yoon Yu-seon,yoon-yu-seon,Yoon Yoo-sun,1969-01-17,3,285,53
Kang You-seok,kang-you-seok,Kang You-seok,1994-06-10,3,283,79
Choo Young-woo,choo-young-woo,Choo Young-woo,1999-06-05,3,282,64
Kim Do-yoon,kim-do-yoon,Kim Do-yoon,1981-06-27,3,281,92
Shin Hyun-seung,shin-hyun-seung,Shin Hyun-seung,1976-02-04,2,277,65
Won Jin-ah,won-jin-ah,Won Jin-ah,1991-03-29,2,276,92
Yim Si-wan,yim-si-wan,Yim Si-wan,1988-12-01,4,275,72
Lee Re,lee-re,Lee Re,2006-03-12,3,274,92
Kim Gi-bang,kim-gi-bang,Kim Ki-bang,1981-05-31,2,273,80
Im Hyeong-guk,im-hyeong-guk,Im Hyeong-guk,,2,272,92
Han So-hee,han-so-hee,Han So-hee,1993-11-18,4,270,69
Lee Joon-hyuk,lee-joon-hyuk,"Lee Joon-hyuk (actor, born 1984)",1984-03-13,5,269,65
Chae Won-bin,chae-won-bin,Chae Won-bin,2001-04-05,3,267,47
Han Ji-min,han-ji-min,Han Ji-min,1982-11-05,3,267,22
Yang Ik-june,yang-ik-june,Yang Ik-june,,3,267,92
Kim Han-na,kim-han-na,Kim Han-na,,3,264,48
Lee Jeong-hyeon,lee-jeong-hyeon,Lee Jung-hyun,1980-02-07,3,264,84
Yunjin Kim,yunjin-kim,Yunjin Kim,1973-11-07,6,264,80
Kim Nam-hee,kim-nam-hee,Kim Nam-hee,1986-05-25,2,260,42
Kim Yoon-woo,kim-yoon-woo,Kim Yoon-woo,,2,260,69
Jo Woo-ri,jo-woo-ri,Jo Woo-ri,1992-03-29,3,259,46
Lee Hyun-woo,lee-hyun-woo,"Lee Hyun-woo (actor, born 1993)",,3,258,77
Oh Jung-se,oh-jung-se,Oh Jung-se,1977-02-26,9,256,52
Bae Doona,bae-doona,Bae Doona,1979-10-11,6,255,76
Kil Hae-yeon,kil-hae-yeon,Gil Hae-yeon,,4,255,81
Lee Sang-jin,lee-sang-jin,Lee Sang-jin,1992-01-13,2,255,79
Park Ah-in,park-ah-in,Park Ah-in,1985-02-12,2,255,46
Lee Shin-young,lee-shin-young,Lee Shin-young,1998-01-24,4,250,24
Kim Jung-eun,kim-jung-eun,Kim Jung-eun,1974-03-04,2,246,46
Cho Bo-ah,cho-bo-ah,Jo Bo-ah,1991-08-22,4,245,54
Kang Hyung-suk,kang-hyung-suk,Kang Hyung-seok,1992-01-01,2,245,89
Shin Jae-ha,shin-jae-ha,Shin Jae-ha,1993-04-02,2,244,34
Shin Se-hwi,shin-se-hwi,Shin Se-hwi,,2,243,89
Bae Hae-sun,bae-hae-sun,Bae Hae-sun,1974-05-08,2,240,34
Gong Myoung,gong-myoung,Gong Myung,1994-05-26,4,240,62
Ahn Bo-hyun,ahn-bo-hyun,Ahn Bo-hyun,1988-05-16,4,238,35
Ro Woon,ro-woon,Rowoon,1996-08-07,3,238,34
Uhm Ji-won,uhm-ji-won,Uhm Ji-won,1977-12-25,2,238,88
Seo Hyun-woo,seo-hyun-woo,Seo Hyun-woo,1983-11-20,8,235,62
Shin Dong-mi,shin-dong-mi,Shin Dong-mi,1977-09-13,2,235,46
Kim Yeong-min,kim-yeong-min,Kim Young-min (actor),,4,231,14
Jang Hye-jin,jang-hye-jin,Jang Hye-jin,,5,229,11
Lee Yeon,lee-yeon,Lee Yeon,1995-02-27,2,229,84
Kim Dae-myung,kim-dae-myung,Kim Dae-myung,1980-12-16,3,227,11
Han Hyo-joo,han-hyo-joo,Han Hyo-joo,1987-02-22,2,226,70
Jeong Jaekwang,jeong-jaekwang,Jung Jae-kwang,1990-11-29,3,225,63
Hur Jung-do,hur-jung-do,Hur Jung-do,1980-12-24,2,224,34
Ji Jin-hee,ji-jin-hee,Ji Jin-hee,1971-06-24,3,223,37
Ahn Suk-hwan,ahn-suk-hwan,Ahn Suk-hwan,1959-11-01,2,222,28
Yoon Byung-hee,yoon-byung-hee,Yoon Byung-hee,1981-12-07,3,221,17
Lee Seong-uk,lee-seong-uk,Lee Sung-wook,1979-10-03,4,220,79
Choi Deok-mun,choi-deok-mun,Choi Deok-moon,,4,218,17
Seo In-guk,seo-in-guk,Seo In-guk,1987-10-23,3,218,47
Lee Jae-won,lee-jae-won,Lee Jae-won,,2,216,44
Yu Ji-tae,yu-ji-tae,Yoo Ji-tae,1976-04-13,3,216,79
Park Soo-young,park-soo-young,Park Soo-young,,2,215,77
Kim In-gwon,kim-in-gwon,Kim In-kwon,1978-01-20,2,214,43
Ok Taec-yeon,ok-taec-yeon,Ok Taec-yeon,1988-12-27,2,214,18
Lee Joo-seung,lee-joo-seung,Lee Joo-seung,1989-07-20,4,213,79
Go Doo-shim,go-doo-shim,Go Doo-shim,1951-05-22,3,210,39
Kim Jung-nan,kim-jung-nan,Kim Jung-nan,1971-07-16,3,210,11
Lee Sung-jae,lee-sung-jae,Lee Sung-jae,1970-08-23,3,210,92
Ra Mi-ran,ra-mi-ran,Ra Mi-ran,1975-03-06,6,210,34
Gong Jeong-hwan,gong-jeong-hwan,Gong Jeong-hwan,1976-02-15,3,208,65
Park Hoon,park-hoon,Park Hoon,1981-04-27,7,208,55
Bae Jong-ok,bae-jong-ok,Bae Jong-ok,1964-05-13,2,207,65
Ha Jung-woo,ha-jung-woo,Ha Jung-woo,1978-03-11,11,206,83
Joo Won,joo-won,Joo Won,1987-09-30,3,206,92
Lee Sung-min,lee-sung-min,Lee Sung-min (actor),1968-12-04,11,206,31
Bae Yu-ram,bae-yu-ram,Bae Yoo-ram,1986-08-22,3,205,79
Lee Soon-won,lee-soon-won,Lee Soon-won (actor),1983-02-19,3,205,79
Jo Hye-joo,jo-hye-joo,Jo Hye-joo,1995-04-18,2,204,48
Ko Kyung-pyo,ko-kyung-pyo,Ko Kyung-pyo,1990-06-11,7,203,25
Lee Mi-do,lee-mi-do,Lee Mi-do,1982-05-25,2,203,65
Lee Jun-hyeok,lee-jun-hyeok,"Lee Jun-hyeok (actor, born 1972)",1972-03-19,4,201,48
Steve Sanghyun Noh,steve-sanghyun-noh,Noh Sang-hyun,1990-07-19,2,200,51
Bang Eun-jin,bang-eun-jin,Bang Eun-jin,1965-08-05,3,199,17
Hwang Woo-seul-hye,hwang-woo-seul-hye,Hwang Woo-seul-hye,1979-08-10,3,198,10
Song Seung-heon,song-seung-heon,Song Seung-heon,1976-10-05,2,198,79
Ye Soo-jung,ye-soo-jung,Ye Soo-jung,1955-03-25,4,198,48
Ha Seok-jin,ha-seok-jin,Ha Seok-jin,1982-03-05,2,197,11
Lee Ho-jung,lee-ho-jung,Lee Ho-jung (model),1997-01-20,3,196,71
Lee Hyo-je,lee-hyo-je,Lee Hyo-je,,2,196,65
Park Ho-san,park-ho-san,Park Ho-san,,4,196,52
Lee Chang-hoon,lee-chang-hoon,Lee Chang-hoon,1980-04-28,2,195,48
Lee Sun-bin,lee-sun-bin,Lee Sun-bin,1994-01-07,2,192,72
Jang So-yeon,jang-so-yeon,Jang So-yeon,1980-01-28,3,191,10
Lee Joon,lee-joon,Lee Joon,1988-02-07,3,191,76
Seo Ji-hye,seo-ji-hye,Seo Ji-hye,,2,190,11
Kwon Sang-woo,kwon-sang-woo,Kwon Sang-woo,1976-08-05,6,186,67
Shin Sae-kyeong,shin-sae-kyeong,Shin Se-kyung,1990-07-29,3,184,68
Ahn Jae-hong,ahn-jae-hong,Ahn Jae-hong (actor),1986-03-31,4,180,72
Ryu Seung-ryong,ryu-seung-ryong,Ryu Seung-ryong,1970-11-29,7,179,32
Kim Ji-hyun,kim-ji-hyun,Kim Ji-hyun (actress),,2,175,16
Park Min-young,park-min-young,Park Min-young,1986-03-04,3,175,24
Won Ji-an,won-ji-an,Won Ji-an,1999-08-17,2,175,55
Moon Jeong-hee,moon-jeong-hee,Moon Jeong-hee,1976-01-12,4,173,69
Shin Eun-soo,shin-eun-soo,Shin Eun-soo,2002-10-23,4,171,62
Gang Dong-won,gang-dong-won,Gang Dong-won,1981-01-18,5,170,77
Lee Kwang-soo,lee-kwang-soo,Lee Kwang-soo,,2,170,67
Kim Mi-kyung,kim-mi-kyung,Kim Mi-kyung,1963-10-14,2,169,71
Kim Nam-gil,kim-nam-gil,Kim Nam-gil,1980-03-13,7,169,47
Jun Ji-hyun,jun-ji-hyun,Jun Ji-hyun,1981-10-30,5,168,76
N,n,N (singer),1990-06-30,3,168,31
Nana,nana,Nana (entertainer),,3,166,72
Choi Min-ho,choi-min-ho,Choi Min-ho,1991-12-09,4,162,37
Lee Chung-ah,lee-chung-ah,Lee Chung-ah,1984-10-29,3,162,54
Chae Jong-hyeop,chae-jong-hyeop,Chae Jong-hyeop,1993-05-19,2,160,33
Kim Hyang-gi,kim-hyang-gi,Kim Hyang-gi,2000-08-09,4,158,52
Kim Ji-soo,kim-ji-soo,"Kim Ji-soo (actress, born 1972)",,2,158,40
Bae Seong-woo,bae-seong-woo,Bae Seong-woo,1972-11-21,7,157,69
Ko A-sung,ko-a-sung,Go Ah-sung,1992-08-10,2,157,64
Seo Eun-soo,seo-eun-soo,Seo Eun-soo,1994-03-02,4,154,55
Lee Soo-kyung,lee-soo-kyung,"Lee Soo-kyung (actress, born 1996)",,3,153,61
Choi Hyun-wook,choi-hyun-wook,Choi Hyun-wook,2002-01-30,3,151,60
Kim Hee-won,kim-hee-won,Kim Hee-won,1971-01-10,4,151,52
Yang Dong-geun,yang-dong-geun,Yang Dong-geun,1979-06-01,3,150,64
Kim So-yeon,kim-so-yeon,Kim So-yeon,1980-11-02,4,148,27
Song Jae-lim,song-jae-lim,Song Jae-rim,1985-02-18,2,144,61
Jeong Soon-won,jeong-soon-won,Jeong Soon-won,,3,142,76
Han Suk-kyu,han-suk-kyu,Han Suk-kyu,,6,140,46
Kim Sung-cheol,kim-sung-cheol,Kim Sung-cheol,1991-12-31,2,140,18
Kim Sung-ryung,kim-sung-ryung,Kim Sung-ryung,1967-02-08,3,140,36
Uhm Jeong-hwa,uhm-jeong-hwa,Uhm Jung-hwa,1969-08-17,4,140,17
Kwon Na-ra,kwon-na-ra,Kwon Nara,1991-03-13,2,138,13
Kim Roe-ha,kim-roe-ha,Kim Roi-ha,1965-11-15,2,137,76
Choi Sung-eun,choi-sung-eun,Choi Sung-eun,1996-06-17,3,136,41
Yun Jong-hun,yun-jong-hun,Yoon Jong-hoon,1984-02-15,3,136,22
Kim Hye-yoon,kim-hye-yoon,Kim Hye-yoon,1996-11-10,5,135,29
Shin Hyun-been,shin-hyun-been,Shin Hyun-been,1986-04-10,5,135,66
Shin Jae-hwi,shin-jae-hwi,Shin Jae-hwi,1994-02-17,2,135,31
Yeon Woo-jin,yeon-woo-jin,Yeon Woo-jin,1984-07-05,3,135,29
Ahn Dong-goo,ahn-dong-goo,Ahn Dong-goo,1993-11-02,2,134,36
Im Su-jeong,im-su-jeong,Im Soo-jung,1979-07-11,3,134,36
Jung Woo-sung,jung-woo-sung,Jung Woo-sung,1973-04-22,5,134,54
Lee Geung-young,lee-geung-young,Lee Geung-young,,9,133,47
Zo In-sung,zo-in-sung,Zo In-sung,1981-07-28,3,130,67
An Se-ho,an-se-ho,An Se-ho,1981-02-17,3,124,45
Lee Min-ki,lee-min-ki,Lee Min-ki,1985-01-16,3,124,34
Cha Rae-hyung,cha-rae-hyung,Cha Rae-hyung,,2,122,45
Kim Hee-ae,kim-hee-ae,Kim Hee-ae,1967-04-23,5,122,47
Hong Min-gi,hong-min-gi,Hong Min-gi,2002-03-12,2,120,45
Han Ji-hyun,han-ji-hyun,Han Ji-hyun,,2,119,66
Kim Min-seok,kim-min-seok,Kim Min-seok (actor),,2,119,74
Woo Ji-hyeon,woo-ji-hyeon,Woo Ji-hyun,1986-06-03,2,119,45
Cho Yeo-jeong,cho-yeo-jeong,Cho Yeo-jeong,1981-02-10,2,118,55
Lee Min-ho,lee-min-ho,Lee Min-ho,1987-06-22,3,118,25
Jung Ga-ram,jung-ga-ram,Jung Ga-ram,1993-02-23,2,117,40
Kim Young-kwang,kim-young-kwang,Kim Young-kwang (actor),,4,116,46
Ji Chang-wook,ji-chang-wook,Ji Chang-wook,1987-07-05,3,112,39
Lee Hyun-wook,lee-hyun-wook,Lee Hyun-wook,1985-06-17,3,112,40
Nam Da-reum,nam-da-reum,Nam Da-reum,2002-06-13,3,110,37
Ok Ja-yeon,ok-ja-yeon,Ok Ja-yeon,1988-12-19,2,109,47
Park Hee-soon,park-hee-soon,Park Hee-soon,1970-02-13,8,108,35
Park Se-wan,park-se-wan,Park Se-wan,1994-09-24,3,108,43
Yoon Kye-sang,yoon-kye-sang,Yoon Kye-sang,1978-12-20,4,106,39
Jeon So-min,jeon-so-min,Jeon So-min,1986-04-07,2,105,43
Lee Haeyoung,lee-haeyoung,"Lee Hye-young (actress, born 1962)",,3,105,18
Cho Jin-woong,cho-jin-woong,Cho Jin-woong,1976-03-03,7,100,37
Lee Yu-bi,lee-yu-bi,Lee Yu-bi,1990-11-22,2,100,43
Hyun Bong-sik,hyun-bong-sik,Hyun Bong-sik,1984-10-20,4,97,30
Ji Seong,ji-seong,Ji Sung,1977-02-27,4,97,20
Kim Dong-yeong,kim-dong-yeong,Kim Dong-young (actor),,3,97,37
Kim Hye-eun,kim-hye-eun,Kim Hye-eun,1973-03-01,2,97,4
Sung Dong-il,sung-dong-il,Sung Dong-il,1967-04-27,10,97,12
Lee Il-hwa,lee-il-hwa,Lee Il-hwa,1970-01-03,2,94,31
Kim Ok-vin,kim-ok-vin,Kim Ok-vin,1987-01-03,3,92,51
Seo Hyun-jin,seo-hyun-jin,Seo Hyun-jin,1985-02-27,3,92,42
Song Kang-ho,song-kang-ho,Song Kang-ho,1967-01-17,8,91,32
Lee Min-jung,lee-min-jung,Lee Min-jung,1982-02-16,4,90,11
Kim Yun-seok,kim-yun-seok,Kim Yoon-seok,1968-01-21,4,89,40
Yook Sung-jae,yook-sung-jae,Yook Sung-jae,1995-05-02,2,89,9
Seo Yea-ji,seo-yea-ji,Seo Yea-ji,1990-04-06,5,88,19
Oh Yeon-seo,oh-yeon-seo,Oh Yeon-seo,1987-06-22,4,87,10
Lim Ju-hwan,lim-ju-hwan,Lim Ju-hwan,1982-05-18,2,86,10
Chun Ho-jin,chun-ho-jin,Chun Ho-jin,1960-09-09,2,84,15
Ko Chang-seok,ko-chang-seok,Ko Chang-seok,1970-10-13,5,84,21
Lee Ki-woo,lee-ki-woo,Lee Ki-woo,1981-10-23,2,84,15
Lim Ye-jin,lim-ye-jin,Im Ye-jin,1960-01-24,2,84,9
Kim Do.hyun,kim-dohyun,Kim Do.hyun,1977-12-02,2,82,15
Jung Woong-in,jung-woong-in,Jung Woong-in,,3,81,20
Lee David,lee-david,Lee David,1994-03-03,3,81,5
Lee Ha-nee,lee-ha-nee,Lee Hanee,1983-03-02,7,81,22
Eugene,eugene,Eugene (actress),,2,79,13
Han Hye-jin,han-hye-jin,Han Hye-jin (actress),1981-10-27,2,79,10
Jeong Ho-bin,jeong-ho-bin,Jeong Ho-bin,1969-04-08,2,79,9
Lee Joo-young,lee-joo-young-actress-born-1992,"Lee Joo-young (actress, born 1992)",,2,79,4
Moon Chae-won,moon-chae-won,Moon Chae-won,1986-11-13,4,79,39
Kim Dong-hee,kim-dong-hee,Kim Dong-hee (actor),,2,78,5
Kim Jae-hwa,kim-jae-hwa,Kim Jae-hwa,1980-09-01,2,78,21
Kim Jong-soo,kim-jong-soo,Kim Jong-soo (actor),,5,76,21
Kim Young-dae,kim-young-dae,Kim Young-dae,1996-03-02,3,75,21
Choi Moo-sung,choi-moo-sung,Choi Moo-sung,1968-01-12,4,74,20
Kwon Soo-hyun,kwon-soo-hyun,Kwon Soo-hyun (actor),1986-08-18,2,74,10
Lee Ji-ah,lee-ji-ah,Lee Ji-ah,1978-08-06,3,74,13
Park So-jin,park-so-jin,Park So-jin,1986-05-21,2,74,21
Jang Dong-yoon,jang-dong-yoon,Jang Dong-yoon,1992-07-12,3,73,28
Jung Yoo-jin,jung-yoo-jin,Jung Yoo-jin,,2,73,33
Kwak Si-yang,kwak-si-yang,Kwak Si-yang,1987-01-15,2,73,10
Choi Sung-won,choi-sung-won,Choi Sung-won (actor),1985-01-17,4,72,14
Lee Hye-ri,lee-hye-ri,Lee Hye-ri,1994-06-09,3,71,10
Lee Sung-kyoung,lee-sung-kyoung,Lee Sung-kyung,1990-08-10,2,71,20
Lee Yoo-young,lee-yoo-young,Lee Yoo-young,1989-12-08,5,70,9
Park Ye-young,park-ye-young,Park Ye-young,1989-08-22,2,69,21
Seo Joo-hyun,seo-joo-hyun,Seohyun,1991-06-28,2,69,33
Jeong Man-sik,jeong-man-sik,Jung Man-sik,1974-12-11,7,68,11
Kim Do-hoon,kim-do-hoon,Kim Do-hoon (actor),,3,68,9
Kim Sun-a,kim-sun-a,Kim Sun-a,1973-10-01,4,68,48
Lee Dong-hwi,lee-dong-hwi,Lee Dong-hwi,1985-07-22,4,68,9
Yoon Joo-hee,yoon-joo-hee,Yoon Joo-hee,1985-02-21,2,68,13
Gong Seung-yeon,gong-seung-yeon,Gong Seung-yeon,,2,67,12
Jang Shin-young,jang-shin-young,Jang Shin-young,1984-01-17,2,67,37
Jung Moon-sung,jung-moon-sung,Jung Moon-sung,1981-01-13,3,66,10
Oh Yeon-soo,oh-yeon-soo,Oh Yeon-soo,1971-10-27,2,65,15
Kim Jae-joong,kim-jae-joong,Kim Jae-joong,1986-01-26,2,64,31
Kim Sang-kyung,kim-sang-kyung,Kim Sang-kyung,1972-06-01,4,64,21
Um Ki-joon,um-ki-joon,Um Ki-joon,1976-03-23,2,64,13
Jeon Seong-woo,jeon-seong-woo,Jeon Sung-woo,1987-12-30,3,63,29
Moon Ga-young,moon-ga-young,Moon Ga-young,1996-07-10,2,63,14
Kim Byeong-ok,kim-byeong-ok,Kim Byeong-ok,1960-10-11,7,61,11
Choi Min-sik,choi-min-sik,Choi Min-sik,1962-04-27,7,60,23
Song Yeong-chang,song-yeong-chang,Song Young-chang,1958-04-02,5,59,10
Cho Seung-woo,cho-seung-woo,Cho Seung-woo,1980-03-28,4,58,10
Kim Ju-hun,kim-ju-hun,Kim Joo-hun,1980-03-01,3,57,20
Song Geon-hee,song-geon-hee,Song Geon-hee,1997-08-16,2,56,13
Lim Chul-hyung,lim-chul-hyung,Lim Chul-hyung,1974-04-25,3,55,13
Kwon Hae-hyo,kwon-hae-hyo,Kwon Hae-hyo,1965-11-06,5,54,13
Lee Sang-hee,lee-sang-hee,Lee Sang-hee (actress),1983-10-08,2,54,31
Shin Jung-geun,shin-jung-geun,Shin Jung-geun,1966-09-26,4,54,11
Lee Joon-gi,lee-joon-gi,Lee Joon-gi,1982-04-17,3,53,12
Seo Kang-jun,seo-kang-jun,Seo Kang-joon,1993-10-12,3,53,38
Keum Sae-rok,keum-sae-rok,Keum Sae-rok,1992-09-06,2,52,12
Kim Min-jae,kim-min-jae-actor-born-1996,"Kim Min-jae (actor, born 1996)",,2,51,13
Ryu Hye-young,ryu-hye-young,Ryu Hye-young,1991-03-28,3,51,7
Lee Dong-wook,lee-dong-wook,Lee Dong-wook,1981-11-06,5,50,7
Gong Hyo-jin,gong-hyo-jin,Gong Hyo-jin,1980-04-04,3,49,19
Lee Se-young,lee-se-young,Lee Se-young,,4,49,12
Choi Jin-ho,choi-jin-ho,Choi Jin-ho (actor),1968-05-26,2,47,10
Yoo Hai-jin,yoo-hai-jin,Yoo Hae-jin,1970-01-04,9,47,3
Kim Bo-ra,kim-bo-ra,Kim Bo-ra,,3,46,18
Ryoo Seung-bum,ryoo-seung-bum,Ryoo Seung-bum,1980-08-09,4,46,20
Park Ji-hyun,park-ji-hyun,Park Ji-hyun (actress),1994-11-26,5,45,10
Song Jong-ho,song-jong-ho,Song Jong-ho,1976-10-05,2,45,4
Kim Kang-hoon,kim-kang-hoon,Kim Kang-hoon,2009-06-07,4,44,8
Kim Kyung-nam,kim-kyung-nam,Kim Kyung-nam,,2,43,7
Kwak Do-won,kwak-do-won,Kwak Do-won,1974-05-17,7,43,9
Lee Sang-yeob,lee-sang-yeob,Lee Sang-yeob,1983-05-08,2,43,19
Yoo Sun,yoo-sun,Yoo Sun,1976-02-11,3,43,18
Choi Min-soo,choi-min-soo,Choi Min-soo,1962-03-27,2,42,20
Krystal Jung,krystal-jung,Krystal Jung,1994-10-24,3,42,9
Han Ji-eun,han-ji-eun,Han Ji-eun,,2,41,19
Jang Gwang,jang-gwang,Jang Gwang,1952-01-05,5,41,12
Jung In-gi,jung-in-gi,Jung In-gi,1966-09-12,2,41,13
Lim Semi,lim-semi,Im Se-mi,1987-05-29,3,41,6
Jung Hye-young,jung-hye-young,Jung Hye-young,1973-12-14,2,40,12
Jang Hee-jin,jang-hee-jin,Jang Hee-jin,1983-05-09,3,39,14
Cho Hyun-chul,cho-hyun-chul,Cho Hyun-chul,1986-12-24,2,38,8
Kim Eung-su,kim-eung-su,Kim Eung-soo,1961-02-12,3,38,3
Lee Mi-yeon,lee-mi-yeon,Lee Mi-yeon,1971-09-23,2,38,20
Yeo Jin-goo,yeo-jin-goo,Yeo Jin-goo,1997-08-13,5,38,12
Lee Bo-young,lee-bo-young,Lee Bo-young,1979-01-12,3,37,11
Byun Yo-han,byun-yo-han,Byun Yo-han,1986-04-29,4,36,5
Choi Byung-mo,choi-byung-mo,Choi Byung-mo,1972-01-14,4,35,8
Kim Min-joung,kim-min-joung,Kim Min-jung (actress),1982-07-30,2,35,6
Kwak Sun-young,kwak-sun-young,Kwak Sun-young,1983-03-29,2,35,7
Baek Sung-chul,baek-sung-chul,Baek Sung-chul,,2,34,7
Jin Goo,jin-goo,Jin Goo,1980-07-20,3,34,6
Lim Hwa-young,lim-hwa-young,Lim Hwa-young,,2,34,3
Cha Eun-woo,cha-eun-woo,Cha Eun-woo,1997-03-30,3,33,12
Jung Yu-mi,jung-yu-mi,"Jung Yu-mi (actress, born 1983)",1983-01-18,2,33,10
Kang Sin-il,kang-sin-il,Kang Shin-il,1960-11-26,5,33,5
Joo Jin-mo,joo-jin-mo,"Joo Jin-mo (actor, born 1958)",,3,32,8
Lee Sun-kyun,lee-sun-kyun,Lee Sun-kyun,1975-03-02,6,32,7
Kim Tae-ri,kim-tae-ri,Kim Tae-ri,1990-04-24,5,31,4
Lee Eol,lee-eol,Lee Eol,1964-04-05,2,31,10
Shin Ha-kyun,shin-ha-kyun,Shin Ha-kyun,1974-05-30,5,31,8
Ahn Nae-sang,ahn-nae-sang,Ahn Nae-sang,1964-12-25,4,30,7
Han Ye-ri,han-ye-ri,Han Ye-ri,1984-12-23,2,30,8
Kim Min-sang,kim-min-sang,Kim Min-sang,1968-02-07,2,30,7
Oh Kwang-rok,oh-kwang-rok,Oh Kwang-rok,1962-08-28,2,30,22
Park Sung-geun,park-sung-geun,Park Sung-geun,1971-05-02,3,30,12
Yoon Jin-seo,yoon-jin-seo,Yoon Jin-seo,1983-08-05,2,30,22
Roh Jae-won,roh-jae-won,Roh Jae-won,1993-10-13,2,29,8
Woo Hyun,woo-hyun,Woo Hyun,,3,29,12
Choi Ri,choi-ri,Choi Ri,1995-06-29,3,28,4
Choi Woong,choi-woong,Choi Woong,1986-12-28,2,28,3
Hong Kyung,hong-kyung,Hong Kyung,1996-02-14,2,28,10
Kim Min-jae,kim-min-jae,"Kim Min-jae (actor, born 1979)",,5,28,8
Park Ji-hwan,park-ji-hwan,Park Ji-hwan,1980-09-05,6,28,7
Yoo Seung-mok,yoo-seung-mok,Yoo Seung-mok,1969-09-14,4,28,2
Chung Su-bin,chung-su-bin,Chung Su-bin,1998-08-17,3,27,9
Jeon Hye-jin,jeon-hye-jin,"Jeon Hye-jin (actress, born 1976)",,6,27,13
Yum Jung-ah,yum-jung-ah,Yum Jung-ah,1972-07-28,3,27,7
Kang Ki-doong,kang-ki-doong,Kang Ki-doong,,2,26,3
Kim Seolhyun,kim-seolhyun,Kim Seol-hyun,1995-01-03,4,26,8
Lee Ho-jae,lee-ho-jae,Lee Ho-jae (actor),1941-05-02,2,26,3
Min Do-hee,min-do-hee,Min Do-hee,1994-09-25,3,26,13
Park Hyuk-kwon,park-hyuk-kwon,Park Hyuk-kwon,1971-07-11,4,26,5
Jung Hee-tae,jung-hee-tae,Jung Hee-tae,1975-06-22,2,25,7
Park Yoo-na,park-yoo-na,Park You-na,1997-12-23,2,24,12
Ryu Hyun-kyung,ryu-hyun-kyung,Ryu Hyun-kyung,1983-03-10,2,24,15
Kang Ye-won,kang-ye-won,Kang Ye-won,1980-03-15,3,23,6
Lee Yi-kyung,lee-yi-kyung,Lee Yi-kyung,1989-01-08,5,23,4
Kim So-jin,kim-so-jin,Kim So-jin,1979-12-12,3,22,7
Jung Joon-ho,jung-joon-ho,Jung Joon-ho,1970-10-01,5,21,6
Yoon Je-moon,yoon-je-moon,Yoon Je-moon,1970-03-09,3,21,4
Jeong E-suh,jeong-e-suh,Jung Yi-seo,1993-08-13,3,20,4
Lee Je-hoon,lee-je-hoon,Lee Je-hoon,1984-07-04,2,20,5
Lee Tae-ri,lee-tae-ri,Lee Tae-ri,1993-06-28,2,20,6
Oh Dal-su,oh-dal-su,Oh Dal-su,1968-06-15,7,20,7
Cha Tae-hyun,cha-tae-hyun,Cha Tae-hyun,1976-03-25,3,19,8
Ji Hyeon-jun,ji-hyeon-jun,Ji Hyeon-jun,,2,19,6
Jung Dong-hwan,jung-dong-hwan,Jung Dong-hwan,1949-08-05,2,19,5
Kim Chang-wan,kim-chang-wan,Kim Chang-wan,1954-02-22,3,19,4
Lee Min-ji,lee-min-ji,"Lee Min-ji (actress, born 1988)",,2,19,9
Sung Hyuk,sung-hyuk,Sung Hyuk,1984-03-02,3,19,4
Chu Ye-jin,chu-ye-jin,Chu Ye-jin,2001-10-11,2,18,8
Jang Na-ra,jang-na-ra,Jang Na-ra,1981-03-18,2,18,1
Kim Joo-hyuk,kim-joo-hyuk,Kim Joo-hyuk,1972-10-03,2,18,8
Kim Kang-woo,kim-kang-woo,Kim Kang-woo,1978-07-11,3,18,8
Lee Tae-hwan,lee-tae-hwan,Lee Tae-hwan,1995-02-21,2,18,5
Park Hae-jin,park-hae-jin,Park Hae-jin,1983-05-01,2,18,2
Park Won-sang,park-won-sang,Park Won-sang,1970-01-20,2,18,3
Cha Yup,cha-yup,Cha Yup,1986-01-07,2,17,6
Kal So-won,kal-so-won,Kal So-won,2006-08-14,3,17,5
Kwon Yul,kwon-yul,Kwon Yul (actor),1982-06-29,2,17,6
Lee Seo-hwan,lee-seo-hwan,Lee Seo-hwan,,2,17,2
Go Joon,go-joon,Ko Jun,1978-12-08,3,16,6
Ji Seung-hyun,ji-seung-hyun,Ji Seung-hyun (actor),1981-12-19,2,16,3
Jo Hui-bong,jo-hui-bong,Jo Hee-bong,1971-08-23,3,16,6
Kim Seung-woo,kim-seung-woo,Kim Seung-woo,1969-02-24,2,16,12
Park Si-hoo,park-si-hoo,Park Si-hoo,1977-02-15,2,16,9
Kim Jun-han,kim-jun-han,Kim Jun-han,1983-03-29,2,15,1
Park Jeong-hak,park-jeong-hak,Park Jeong-hak,,2,15,1
Park So-dam,park-so-dam,Park So-dam,1991-09-08,2,15,5
Yeom Dong-heon,yeom-dong-heon,Yeom Dong-heon,1968-10-18,2,15,2
Jeon Soo-jin,jeon-soo-jin,Jeon Soo-jin,1988-11-08,2,14,7
Jung Yoo-min,jung-yoo-min,Jung Yoo-min,1991-07-10,2,14,5
Kim Jae-kyung,kim-jae-kyung,Kim Jae-kyung,1988-12-24,2,14,6
Lee Byung-joon,lee-byung-joon,Lee Byung-joon,1964-01-27,2,14,3
P.O,po,P.O,1993-02-02,2,14,1
Park Hae-il,park-hae-il,Park Hae-il,1977-01-26,3,14,4
Park Jin-joo,park-jin-joo,Park Jin-joo,1988-12-24,2,14,2
Son Jong-hak,son-jong-hak,Son Jong-hak,1967-06-20,2,14,3
Song Ji-hyo,song-ji-hyo,Song Ji-hyo,,2,14,5
Ha Jun,ha-jun,Ha Jun,1987-04-03,3,13,5
Lee Beom-soo,lee-beom-soo,Lee Beom-soo,1969-11-25,5,13,5
Namkoong Min,namkoong-min,Namkoong Min,1978-03-12,2,13,3
Youn Yuh-jung,youn-yuh-jung,Youn Yuh-jung,1947-06-19,5,13,2
Bae Nu-ri,bae-nu-ri,Bae Noo-ri,1993-02-04,2,12,5
Choi Won-young,choi-won-young,Choi Won-young,1976-01-10,2,12,2
Go Soo,go-soo,Go Soo,,4,12,4
Kim Dong-wook,kim-dong-wook,Kim Dong-wook,1983-07-29,3,12,5
Ahn Jae-hyun,ahn-jae-hyun,Ahn Jae-hyun,1987-07-01,2,11,7
Doh Kyung-soo,doh-kyung-soo,Doh Kyung-soo,1993-01-12,2,11,5
Jang Hyuk,jang-hyuk,Jang Hyuk,1976-12-20,3,11,2
Kim Dong-hwi,kim-dong-hwi,Kim Dong-hwi,,2,11,2
Lee Ji-won,lee-ji-won,Lee Ji-won,,2,11,3
Lee Na-ra,lee-na-ra,Lee Eun-woo,1980-08-22,2,11,6
Moon Sang-min,moon-sang-min,Moon Sang-min,2000-04-14,2,11,2
Moon Sung-keun,moon-sung-keun,Moon Sung-keun,1953-05-28,2,11,5
Shim Hee-sub,shim-hee-sub,Shim Hee-sub,1986-02-26,2,11,5
Yoon Sang-hyun,yoon-sang-hyun,Yoon Sang-hyun,1973-09-21,3,11,5
Ahn Do-gyu,ahn-do-gyu,Ahn Do-gyu,2000-09-28,2,10,8
Ahn Gil-kang,ahn-gil-kang,Ahn Gil-kang,1966-08-24,2,10,6
Baek Yoon-sik,baek-yoon-sik,Baek Yoon-sik,1947-03-16,3,10,3
Jin Ki-joo,jin-ki-joo,Jin Ki-joo,1989-01-26,3,10,3
Jung Da-bin,jung-da-bin,"Jung Da-bin (actress, born 2000)",2000-04-25,2,10,3
Kim Hong-pa,kim-hong-pa,Kim Hong-pa,,3,10,3
Kim Hyeon-soo,kim-hyeon-soo,Kim Hyun-soo (actress),2000-06-23,3,10,8
Yoon Jin-young,yoon-jin-young,Yoon Jin-young,,2,10,3
Bae In-hyuk,bae-in-hyuk,Bae In-hyuk,,2,9,6
Ji Dae-han,ji-dae-han,Ji Dae-han,1969-01-01,3,9,5
Jin Ji-hui,jin-ji-hui,Jin Ji-hee,1999-03-25,2,9,1
Jo Deok-hyeon,jo-deok-hyeon,Jo Deok-hyeon,1967-05-29,2,9,3
Kang Ye-seo,kang-ye-seo,Kang Ye-seo,2005-08-22,2,9,2
Lee Dae-yeon,lee-dae-yeon,Lee Dae-yeon,1964-11-13,3,9,4
Lee Jong-suk,lee-jong-suk,Lee Jong-suk,1989-09-14,3,9,2
Lee Jung-ha,lee-jung-ha,Lee Jung-ha,1998-02-23,2,9,5
On Joo-wan,on-joo-wan,On Joo-wan,1983-12-11,3,9,2
Park Ji-il,park-ji-il,Park Ji-il,,3,9,5
Park Yong-woo,park-yong-woo,Park Yong-woo,1971-03-16,2,9,1
Jung Gun-joo,jung-gun-joo,Jung Gun-joo,1995-05-26,2,8,2
Jung Jae-young,jung-jae-young,Jung Jae-young,1970-11-21,2,8,6
Kim Hye-na,kim-hye-na,Kim Hye-na,1980-10-25,2,8,7
Kim Min-seo,kim-min-seo,Kim Min-seo,,2,8,7
Kim Sang-joong,kim-sang-joong,Kim Sang-joong,1965-08-06,2,8,2
Lee Ji-hoon,lee-ji-hoon,"Lee Ji-hoon (actor, born 1988)",,3,8,5
Cha Hwa-yeon,cha-hwa-yeon,Cha Hwa-yeon,,2,7,3
Kim Jeong-tae,kim-jeong-tae,Kim Jung-tae,1973-01-01,2,7,3
Kim Sung-min,kim-sung-min,Kim Sung-min (actor),,2,7,3
Kim Tae-hee,kim-tae-hee,Kim Tae-hee,,2,7,3
Park Hyo-joo,park-hyo-joo,Park Hyo-joo,1982-10-08,2,7,2
Um Tae-goo,um-tae-goo,Um Tae-goo,1983-11-09,2,7,3
Bang Min-ah,bang-min-ah,Bang Min-ah,1993-05-13,2,6,1
Hong Jong-hyeon,hong-jong-hyeon,Hong Jong-hyun,1990-02-02,2,6,2
Jin Se-yeon,jin-se-yeon,Jin Se-yeon,1994-02-15,2,6,3
Kim Rae-won,kim-rae-won,Kim Rae-won,1981-03-19,3,6,2
Lee Jong-won,lee-jong-won,Lee Jong-won (model),,2,6,2
Nam Mun-cheol,nam-mun-cheol,Nam Mun-cheol,1971-03-20,2,6,3
Park Cheol-min,park-cheol-min,Park Chul-min,1967-01-18,2,6,3
Yoon Jung-hee,yoon-jung-hee,"Yoon Jung-hee (actress, born 1980)",1980-12-21,2,6,2
Jeon No-min,jeon-no-min,Jeon No-min,1966-08-28,2,5,2
Kim Myung-min,kim-myung-min,Kim Myung-min,1972-10-08,2,5,3
Lee Moon-sik,lee-moon-sik,Lee Moon-sik,1967-11-13,3,5,3
Na Moon-hee,na-moon-hee,Na Moon-hee,1941-11-30,2,5,2
T.O.P,top,T.O.P,1987-11-04,2,5,3
Yoon Da-kyeong,yoon-da-kyeong,Yoon Da-gyeong,1971-07-10,2,5,2
Kim Seo-hyung,kim-seo-hyung,Kim Seo-hyung,1973-10-28,2,4,3
Lee Hye-sook,lee-hye-sook,Lee Hye-sook,1962-09-04,2,4,2
Lee Si-eon,lee-si-eon,Lee Si-eon,1982-07-03,2,4,2
Shim Eun Kyung,shim-eun-kyung,Shim Eun-kyung,1994-05-31,2,4,2
Yang Hye-ji,yang-hye-ji,Yang Hye-ji,1996-01-20,2,4,1
Ha Ji-won,ha-ji-won,Ha Ji-won,1978-06-28,2,3,2
Jang Dong-geon,jang-dong-geon,Jang Dong-gun,1972-03-07,2,3,2
Kim Hwan-hee,kim-hwan-hee,Kim Hwan-hee,2002-08-25,2,3,2
Park In-hwan,park-in-hwan,Park In-hwan (actor),,2,3,2
Park Yeong-gyu,park-yeong-gyu,Park Yeong-gyu,1953-10-28,2,3,2
Hwang Jeong-min,hwang-jeong-min,Hwang Jeong-min,1969-05-23,2,2,2
Lee Yoon-ji,lee-yoon-ji,Lee Yoon-ji,1984-03-15,2,2,2
Sooyoung,sooyoung,Choi Soo-young,1990-02-10,2,2,2
