symbol,date,title,period,priorPeriod,revenueAED,expenseAED,netProfitAED,eps,cashAndEquivalentsAED,engPdfUrl
2POINTZERO,2026-07-30 00:00:00.0,"TWO POINT ZERO GROUP - P.J.S.C Financial Results for the Period Ended June 30,2026",Q2 2026,Q2 2025,21854000000,-15548000000,7729000000,0.206,11245000000,https://apigateway.adx.ae/adx/cdn/1.0/content/download/5229012
2POINTZERO,2026-05-04 00:00:00.0,"TWO POINT ZERO GROUP - P.J.S.C Financial Results for the Period Ended March 31,2026",Q1 2026,Q1 2025,9942000000,-6928000000,2285000000,0.056,7253000000,https://apigateway.adx.ae/adx/cdn/1.0/content/download/4860205
2POINTZERO,2026-02-06 00:00:00.0,"TWO POINT ZERO GROUP - P.J.S.C Financial Results for the Period Ended December 31,2025",2025,2024,7004000000,-3548000000,3628000000,0.246,7220000000,https://apigateway.adx.ae/adx/cdn/1.0/content/download/4686232
2POINTZERO,2025-10-29 00:00:00.0,"Multiply Group PJSC Financial Results for the Period Ended September 30,2025",Q3 2025,Q3 2024,2241000000,-2304000000,2691000000,0.24,1999000000,https://apigateway.adx.ae/adx/cdn/1.0/content/download/4577137
ABNIC,2026-08-14 00:00:00.0,"Al Buhaira National Insurance Company Financial Results for the Period Ended June 30,2026",Q2 2026,Q2 2025,873357000,-647314000,77235000,30.89,57983000,https://apigateway.adx.ae/adx/cdn/1.0/content/download/5268915
ABNIC,2026-05-14 00:00:00.0,"Al Buhaira National Insurance Company Financial Results for the Period Ended March 31,2026",Q1 2026,Q1 2025,431541000,-311234000,30969000,12.39,61839000,https://apigateway.adx.ae/adx/cdn/1.0/content/download/4908488
ABNIC,2026-03-31 00:00:00.0,"Al Buhaira National Insurance Company Financial Results for the Period Ended December 31,2025",2025,2024,1646000000,-1397000000,6000000,2.27,108000000,https://apigateway.adx.ae/adx/cdn/1.0/content/download/4797890
ABNIC,2025-11-13 00:00:00.0,"Al Buhaira National Insurance Company Financial Results for the Period Ended September 30,2025",Q3 2025,Q3 2024,1238000000,-1099000000,58000000,23.037,97000000,https://apigateway.adx.ae/adx/cdn/1.0/content/download/4597462
ADAVIATION,2026-08-06 00:00:00.0,"Abu Dhabi Aviation Co. Financial Results for the Period Ended June 30,2026",Q2 2026,Q2 2025,4662000000,-3987000000,421000000,0.29,1813000000,https://apigateway.adx.ae/adx/cdn/1.0/content/download/5241433
ADAVIATION,2026-05-12 00:00:00.0,"Abu Dhabi Aviation Co. Financial Results for the Period Ended March 31,2026",Q1 2026,Q1 2025,2007000000,-1681000000,124000000,0.07,1992000000,https://apigateway.adx.ae/adx/cdn/1.0/content/download/4899888
ADAVIATION,2026-02-11 00:00:00.0,"Abu Dhabi Aviation Co. Financial Results for the Period Ended December 31,2025",2025,2024,7819000000,-6407000000,1066000000,0.785,3006000000,https://apigateway.adx.ae/adx/cdn/1.0/content/download/4695327
ADAVIATION,2025-11-13 00:00:00.0,"Abu Dhabi Aviation Co. Financial Results for the Period Ended September 30,2025",Q3 2025,Q3 2024,5547000000,-4564000000,698000000,0.516,2117000000,https://apigateway.adx.ae/adx/cdn/1.0/content/download/4599034
ADCB,2026-07-23 00:00:00.0,"Abu Dhabi Commercial Bank Financial Results for the Period Ended June 30,2026",Q2 2026,Q2 2025,22022000000,-14415000000,6737000000,0.82,72514000000,https://apigateway.adx.ae/adx/cdn/1.0/content/download/5211994
ADCB,2026-04-23 00:00:00.0,"Abu Dhabi Commercial Bank Financial Results for the Period Ended March 31,2026",Q1 2026,Q1 2025,10746000000,-6965000000,3361000000,0.4,95033000000,https://apigateway.adx.ae/adx/cdn/1.0/content/download/4839656
ADCB,2026-01-29 00:00:00.0,"Abu Dhabi Commercial Bank Financial Results for the Period Ended December 31,2025",2025,2024,42618000000,-29784000000,11445000000,1.45,75566000000,https://apigateway.adx.ae/adx/cdn/1.0/content/download/4676640
ADCB,2025-10-27 00:00:00.0,"Abu Dhabi Commercial Bank Financial Results for the Period Ended September 30,2025",Q3 2025,Q3 2024,31813000000,-22716000000,8103999999.999999,1.04,66694999999.99999,https://apigateway.adx.ae/adx/cdn/1.0/content/download/4572977
ADIB,2025-10-22 00:00:00.0,"Abu Dhabi Islamic Bank Financial Results for the Period Ended September 30,2025",Q3 2025,Q3 2024,13207000000,-3096000000,5316000000,1.307,18555000000,https://apigateway.adx.ae/adx/cdn/1.0/content/download/4567270
ADNH,2026-07-23 00:00:00.0,"Abu Dhabi National Hotels Co. Financial Results for the Period Ended June 30,2026",Q2 2026,Q2 2025,1546000000,-1317000000,102000000,0,685000000,https://apigateway.adx.ae/adx/cdn/1.0/content/download/5211831
ADNH,2026-04-20 00:00:00.0,"Abu Dhabi National Hotels Co. Financial Results for the Period Ended March 31,2026",Q1 2026,Q1 2025,863300000,-688277000,108321000,0.008,611324000,https://apigateway.adx.ae/adx/cdn/1.0/content/download/4837843
ADNH,2026-02-13 00:00:00.0,"Abu Dhabi National Hotels Co. Financial Results for the Period Ended December 31,2025",2025,2024,3486000000,-2637000000,1146000000,0.09,1096000000,https://apigateway.adx.ae/adx/cdn/1.0/content/download/4699612
ADNH,2025-11-13 00:00:00.0,"Abu Dhabi National Hotels Co. Financial Results for the Period Ended September 30,2025",Q3 2025,Q3 2024,2444000000,-1908000000,348000000,0.024,407000000,https://apigateway.adx.ae/adx/cdn/1.0/content/download/4599696
ADNHC,2026-07-17 00:00:00.0,"A D N H Catering plc Financial Results for the Period Ended June 30,2026",Q2 2026,Q2 2025,921515000,-805012000,60399000,0.026,174140000,https://apigateway.adx.ae/adx/cdn/1.0/content/download/5192988
ADNHC,2026-04-17 00:00:00.0,"A D N H Catering plc Financial Results for the Period Ended March 31,2026",Q1 2026,Q1 2025,464401000,-405071000,31382000,0.014,108851000,https://apigateway.adx.ae/adx/cdn/1.0/content/download/4831419
ADNHC,2026-02-06 00:00:00.0,"A D N H Catering plc Financial Results for the Period Ended December 31,2025",2025,2024,1743000000,-1449000000,176000000,0.078,162000000,https://apigateway.adx.ae/adx/cdn/1.0/content/download/4686027
ADNHC,2025-11-05 00:00:00.0,"A D N H Catering plc Financial Results for the Period Ended September 30,2025",Q3 2025,Q3 2024,1265000000,-1048000000,124000000,0.056,112000000,https://apigateway.adx.ae/adx/cdn/1.0/content/download/4594448
ADNIC,2026-08-12 00:00:00.0,"Abu Dhabi National Insurance Company Financial Results for the Period Ended June 30,2026",Q2 2026,Q2 2025,4088000000,-4647000000,201000000,0.37,520000000,https://apigateway.adx.ae/adx/cdn/1.0/content/download/5256799
ADNIC,2026-05-14 00:00:00.0,"Abu Dhabi National Insurance Company Financial Results for the Period Ended March 31,2026",Q1 2026,Q1 2025,1888000000,-1965000000,88000000,0.17,348000000,https://apigateway.adx.ae/adx/cdn/1.0/content/download/4908931
ADNIC,2026-02-10 00:00:00.0,"Abu Dhabi National Insurance Company Financial Results for the Period Ended December 31,2025",2025,2024,8254000000,-4523000000,480000000,0.83,653000000,https://apigateway.adx.ae/adx/cdn/1.0/content/download/4733709
ADNIC,2025-11-11 00:00:00.0,"Abu Dhabi National Insurance Company Financial Results for the Period Ended September 30,2025",Q3 2025,Q3 2024,6087000000,-3267000000,355000000,0.61,375000000,https://apigateway.adx.ae/adx/cdn/1.0/content/download/4594663
ADNOCDIST,2026-08-05 00:00:00.0,"Abu Dhabi National Oil Company For Distribution Financial Results for the Period Ended June 30,2026",Q2 2026,Q2 2025,22035000000,-17783000000,2128000000,0.167,2191000000,https://apigateway.adx.ae/adx/cdn/1.0/content/download/5238692
ADNOCDIST,2026-05-13 00:00:00.0,"Abu Dhabi National Oil Company For Distribution Financial Results for the Period Ended March 31,2026",Q1 2026,Q1 2025,8834000000,-7010000000,786000000,0.062,2379000000,https://apigateway.adx.ae/adx/cdn/1.0/content/download/4906238
ADNOCDIST,2026-02-03 00:00:00.0,"Abu Dhabi National Oil Company For Distribution Financial Results for the Period Ended December 31,2025",2025,2024,35897000000,-28951000000,2851000000,0.224,2361000000,https://apigateway.adx.ae/adx/cdn/1.0/content/download/4680117
ADNOCDIST,2025-10-31 00:00:00.0,"Abu Dhabi National Oil Company For Distribution Financial Results for the Period Ended September 30,2025",Q3 2025,Q3 2024,26437000000,-21342000000,2167000000,0.17,2951000000,https://apigateway.adx.ae/adx/cdn/1.0/content/download/4570668
ADNOCDRILL,2026-07-30 00:00:00.0,"ADNOC Drilling Company PJSC Financial Results for the Period Ended June 30,2026",Q2 2026,Q2 2025,2460000000,-1566000000,706000000,0.044,355000000,https://apigateway.adx.ae/adx/cdn/1.0/content/download/5225656
ADNOCDRILL,2026-05-11 00:00:00.0,"ADNOC Drilling Company PJSC Financial Results for the Period Ended March 31,2026",Q1 2026,Q1 2025,1228000000,-796000000,347000000,0.022,331000000,https://apigateway.adx.ae/adx/cdn/1.0/content/download/4892212
ADNOCDRILL,2026-02-12 00:00:00.0,"ADNOC Drilling Company PJSC Financial Results for the Period Ended December 31,2025",2025,2024,4903000000,-3106000000,1449000000,0.091,236000000,https://apigateway.adx.ae/adx/cdn/1.0/content/download/4695411
ADNOCDRILL,2025-10-28 00:00:00.0,"ADNOC Drilling Company PJSC Financial Results for the Period Ended September 30,2025",Q3 2025,Q3 2024,3626000000,-2300000000,1060000000,0.066,272000000,https://apigateway.adx.ae/adx/cdn/1.0/content/download/4574061
ADNOCGAS,2026-08-10 00:00:00.0,"ADNOC Gas plc Financial Results for the Period Ended June 30,2026",Q2 2026,Q2 2025,7146000000,-5769000000,1744000000,0.023,1485000000,https://apigateway.adx.ae/adx/cdn/1.0/content/download/5251658
ADNOCGAS,2026-05-12 00:00:00.0,"ADNOC Gas plc Financial Results for the Period Ended March 31,2026",Q1 2026,Q1 2025,4034000000,-3105000000,1079000000,0.014,4213000000,https://apigateway.adx.ae/adx/cdn/1.0/content/download/4901736
ADNOCGAS,2026-02-17 00:00:00.0,"ADNOC Gas plc Financial Results for the Period Ended December 31,2025",2025,2024,18509000000,-13948000000,5166000000,0.067,3702000000,https://apigateway.adx.ae/adx/cdn/1.0/content/download/4703731
ADNOCGAS,2025-11-13 00:00:00.0,"ADNOC Gas plc Financial Results for the Period Ended September 30,2025",Q3 2025,Q3 2024,14183000000,-10622000000,3993000000,0.052,3433000000,https://apigateway.adx.ae/adx/cdn/1.0/content/download/4597511
ADNOCLS,2026-08-11 00:00:00.0,"ADNOC Logistics & Services plc Financial Results for the Period Ended June 30,2026",Q2 2026,Q2 2025,3667000000,-2318000000,1173000000,0.15,543000000,https://apigateway.adx.ae/adx/cdn/1.0/content/download/5254960
ADNOCLS,2026-05-14 00:00:00.0,"ADNOC Logistics & Services plc Financial Results for the Period Ended March 31,2026",Q1 2026,Q1 2025,1083000000,-802000000,222000000,0.03,695000000,https://apigateway.adx.ae/adx/cdn/1.0/content/download/4910417
ADNOCLS,2026-02-11 00:00:00.0,"ADNOC Logistics & Services plc Financial Results for the Period Ended December 31,2025",2025,2024,5016000000,-3908000000,863000000,0.11,338000000,https://apigateway.adx.ae/adx/cdn/1.0/content/download/4695109
ADNOCLS,2025-11-11 00:00:00.0,"ADNOC Logistics & Services plc Financial Results for the Period Ended September 30,2025",Q3 2025,Q3 2024,3705000000,-2889000000,631000000,0.08,284000000,https://apigateway.adx.ae/adx/cdn/1.0/content/download/4594566
ADPORTS,2026-08-14 00:00:00.0,"Abu Dhabi Ports Company PJSC Financial Results for the Period Ended June 30,2026",Q2 2026,Q2 2025,12834000000,-9861000000,1489000000,0.22,2788000000,https://apigateway.adx.ae/adx/cdn/1.0/content/download/5266207
ADPORTS,2026-05-13 00:00:00.0,"Abu Dhabi Ports Company PJSC Financial Results for the Period Ended March 31,2026",Q1 2026,Q1 2025,5750000000,-4215000000,653000000,0.1,4559000000,https://apigateway.adx.ae/adx/cdn/1.0/content/download/4906252
ADPORTS,2026-03-05 00:00:00.0,"Abu Dhabi Ports Company PJSC Financial Results for the Period Ended December 31,2025",2025,2024,20765000000,-15136000000,2071000000.0000002,0.32,2712000000,https://apigateway.adx.ae/adx/cdn/1.0/content/download/4742559
ADPORTS,2025-11-14 00:00:00.0,"Abu Dhabi Ports Company PJSC Financial Results for the Period Ended September 30,2025",Q3 2025,Q3 2024,14811000000,-10873000000,1504000000,0.23,2178000000,https://apigateway.adx.ae/adx/cdn/1.0/content/download/4600382
ADSB,2026-08-12 00:00:00.0,"Abu Dhabi Ship Building Co. Financial Results for the Period Ended June 30,2026",Q2 2026,Q2 2025,665770000,-727273000,-96671000,-0.456,867311000,https://apigateway.adx.ae/adx/cdn/1.0/content/download/5261162
ADSB,2026-05-14 00:00:00.0,"Abu Dhabi Ship Building Co. Financial Results for the Period Ended March 31,2026",Q1 2026,Q1 2025,426017000,-398353000,6345000,0.03,261189000.00000003,https://apigateway.adx.ae/adx/cdn/1.0/content/download/4913172
ADSB,2026-03-22 00:00:00.0,"Abu Dhabi Ship Building Co. Financial Results for the Period Ended December 31,2025",2025,2024,1408000000,-1389000000,30000000,0.14,287000000,https://apigateway.adx.ae/adx/cdn/1.0/content/download/4781322
ADSB,2025-11-14 00:00:00.0,"Abu Dhabi Ship Building Co. Financial Results for the Period Ended September 30,2025",Q3 2025,Q3 2024,820000000,-839000000,-10000000,-0.05,52000000,https://apigateway.adx.ae/adx/cdn/1.0/content/download/4600747
AGILITY,2026-08-06 00:00:00.0,"Agility Global PLC Financial Results for the Period Ended June 30,2026",Q2 2026,Q2 2025,2922000000,-2768000000,97000000,0.73,563000000,https://apigateway.adx.ae/adx/cdn/1.0/content/download/5244855
AGILITY,2026-05-09 00:00:00.0,"Agility Global PLC Financial Results for the Period Ended March 31,2026",Q1 2026,Q1 2025,1410000000,-1258000000,40000000,0.26,597000000,https://apigateway.adx.ae/adx/cdn/1.0/content/download/4889734
AGILITY,2026-03-13 00:00:00.0,"Agility Global PLC Financial Results for the Period Ended December 31,2025",2025,2024,5073000000,-4447000000,305000000,2.45,590000000,https://apigateway.adx.ae/adx/cdn/1.0/content/download/4892935
AGILITY,2025-11-11 00:00:00.0,"Agility Global PLC Financial Results for the Period Ended September 30,2025",Q3 2025,Q3 2024,3652000000,-3425000000,143000000,0.98,667000000,https://apigateway.adx.ae/adx/cdn/1.0/content/download/4594499
AGTHIA,2026-08-04 00:00:00.0,"AGTHIA Group Financial Results for the Period Ended June 30,2026",Q2 2026,Q2 2025,2602000000,-1805000000,121000000,0.135,800000000,https://apigateway.adx.ae/adx/cdn/1.0/content/download/5237962
AGTHIA,2026-05-12 00:00:00.0,"AGTHIA Group Financial Results for the Period Ended March 31,2026",Q1 2026,Q1 2025,1327000000,-908000000,97000000,0.111,373000000,https://apigateway.adx.ae/adx/cdn/1.0/content/download/4901785
AGTHIA,2026-03-03 00:00:00.0,"AGTHIA Group Financial Results for the Period Ended December 31,2025",2025,2024,4846000000,-4633000000,101000000,0.103,398000000,https://apigateway.adx.ae/adx/cdn/1.0/content/download/4734164
AGTHIA,2025-11-05 00:00:00.0,"AGTHIA Group Financial Results for the Period Ended September 30,2025",Q3 2025,Q3 2024,3560000000,-3435000000,53000000,0.05,243000000,https://apigateway.adx.ae/adx/cdn/1.0/content/download/4586929
ALAIN,2026-08-12 00:00:00.0,"Al Ain Alahlia Insurance Co. Financial Results for the Period Ended June 30,2026",Q2 2026,Q2 2025,547011000,-546212000,-9103000,-0.61,65107000,https://apigateway.adx.ae/adx/cdn/1.0/content/download/5256605
ALAIN,2026-05-14 00:00:00.0,"Al Ain Alahlia Insurance Co. Financial Results for the Period Ended March 31,2026",Q1 2026,Q1 2025,272260000,-16379000.000000002,8057000,0.54,64010000.00000001,https://apigateway.adx.ae/adx/cdn/1.0/content/download/4911587
ALAIN,2026-03-16 00:00:00.0,"Al Ain Alahlia Insurance Co. Financial Results for the Period Ended December 31,2025",2025,2024,1157000000,-685000000,28000000,1.85,57000000,https://apigateway.adx.ae/adx/cdn/1.0/content/download/4772777
ALAIN,2025-11-12 00:00:00.0,"Al Ain Alahlia Insurance Co. Financial Results for the Period Ended September 30,2025",Q3 2025,Q3 2024,874000000,-539000000,6000000,0.38,30000000,https://apigateway.adx.ae/adx/cdn/1.0/content/download/4597588
ALDAR,2026-07-29 00:00:00.0,"Aldar Properties PJSC Financial Results for the Period Ended June 30,2026",Q2 2026,Q2 2025,16843000000,-10595000000,4860000000,0.529,16831000000,https://apigateway.adx.ae/adx/cdn/1.0/content/download/5223228
ALDAR,2026-04-28 00:00:00.0,"Aldar Properties PJSC Financial Results for the Period Ended March 31,2026",Q1 2026,Q1 2025,8734000000,-5411000000,2291000000,0.254,13859000000,https://apigateway.adx.ae/adx/cdn/1.0/content/download/4847550
ALDAR,2026-02-09 00:00:00.0,"Aldar Properties PJSC Financial Results for the Period Ended December 31,2025",2025,2024,33817999999.999996,-22243000000,8834000000,0.955,14161000000,https://apigateway.adx.ae/adx/cdn/1.0/content/download/4692155
ALDAR,2025-10-28 00:00:00.0,"Aldar Properties PJSC Financial Results for the Period Ended September 30,2025",Q3 2025,Q3 2024,23553000000,-15459000000,5966000000,0.644,12299000000,https://apigateway.adx.ae/adx/cdn/1.0/content/download/4574559
ALEFEDT,2026-08-05 00:00:00.0,"Alef Education Holding plc Financial Results for the Period Ended June 30,2026",Q2 2026,Q2 2025,361561000,-111385000,236355000,3.38,644943000,https://apigateway.adx.ae/adx/cdn/1.0/content/download/5240413
ALEFEDT,2026-05-12 00:00:00.0,"Alef Education Holding plc Financial Results for the Period Ended March 31,2026",Q1 2026,Q1 2025,180757000,-56642000,118141000,1.69,675567000,https://apigateway.adx.ae/adx/cdn/1.0/content/download/4901567
ALEFEDT,2026-02-11 00:00:00.0,"Alef Education Holding plc Financial Results for the Period Ended December 31,2025",2025,2024,769473000,-257666000,481082000,6.87,619512000,https://apigateway.adx.ae/adx/cdn/1.0/content/download/4695834
ALEFEDT,2025-10-29 00:00:00.0,"Alef Education Holding plc Financial Results for the Period Ended September 30,2025",Q3 2025,Q3 2024,572765000,-184321000,364707000,5.21,492815000,https://apigateway.adx.ae/adx/cdn/1.0/content/download/4578901
ALPHADATA,2026-08-04 00:00:00.0,"Alpha Data PJSC Financial Results for the Period Ended June 30,2026",Q2 2026,Q2 2025,1456000000,-1263000000,80000000,0.08,79000000,https://apigateway.adx.ae/adx/cdn/1.0/content/download/5238145
ALPHADATA,2026-05-05 00:00:00.0,"Alpha Data PJSC Financial Results for the Period Ended March 31,2026",Q1 2026,Q1 2025,649839000,-558624000,35501000,0.04,68158000,https://apigateway.adx.ae/adx/cdn/1.0/content/download/4874778
ALPHADATA,2026-02-05 00:00:00.0,"Alpha Data PJSC Financial Results for the Period Ended December 31,2025",2025,2024,2487000000,-2144000000.0000002,143000000,0.14,101000000,https://apigateway.adx.ae/adx/cdn/1.0/content/download/4685051
ALPHADATA,2025-11-05 00:00:00.0,"Alpha Data PJSC Financial Results for the Period Ended September 30,2025",Q3 2025,Q3 2024,1842000000,-1589000000,98000000,0.1,-48000000,https://apigateway.adx.ae/adx/cdn/1.0/content/download/4582003
ALPHADHABI,2026-08-03 00:00:00.0,"Alpha Dhabi Holding PJSC Financial Results for the Period Ended June 30,2026",Q2 2026,Q2 2025,37579000000,-28685000000,9790000000,0.65,28727000000,https://apigateway.adx.ae/adx/cdn/1.0/content/download/5233822
ALPHADHABI,2026-05-04 00:00:00.0,"Alpha Dhabi Holding PJSC Financial Results for the Period Ended March 31,2026",Q1 2026,Q1 2025,18792000000,-14637000000,3801000000,0.22,27246000000,https://apigateway.adx.ae/adx/cdn/1.0/content/download/4868808
ALPHADHABI,2026-02-10 00:00:00.0,"Alpha Dhabi Holding PJSC Financial Results for the Period Ended December 31,2025",2025,2024,78775000000,-59996000000,15032000000,0.79,25380000000,https://apigateway.adx.ae/adx/cdn/1.0/content/download/4691802
ALPHADHABI,2025-11-03 00:00:00.0,"Alpha Dhabi Holding PJSC Financial Results for the Period Ended September 30,2025",Q3 2025,Q3 2024,54940000000,-42304000000,10422000000,0.54,22049000000,https://apigateway.adx.ae/adx/cdn/1.0/content/download/4586289
AMR,2026-07-29 00:00:00.0,"Americana Restaurants International PLC Financial Results for the Period Ended June 30,2026",Q2 2026,Q2 2025,1365000000,-598000000,147000000,0.018,140000000,https://apigateway.adx.ae/adx/cdn/1.0/content/download/5223533
AMR,2026-04-28 00:00:00.0,"Americana Restaurants International PLC Financial Results for the Period Ended March 31,2026",Q1 2026,Q1 2025,649736000,-287985000,63050000,0.007,139485000,https://apigateway.adx.ae/adx/cdn/1.0/content/download/4851134
AMR,2026-02-08 00:00:00.0,"Americana Restaurants International PLC Financial Results for the Period Ended December 31,2025",2025,2024,2509000000,-1144000000,218000000,0.026,154000000,https://apigateway.adx.ae/adx/cdn/1.0/content/download/4691617
AMR,2025-10-30 00:00:00.0,"Americana Restaurants International PLC Financial Results for the Period Ended September 30,2025",Q3 2025,Q3 2024,1840000000,-852000000,135000000,0.016,71000000,https://apigateway.adx.ae/adx/cdn/1.0/content/download/4579824
ANAN,2026-08-13 00:00:00.0,"ANAN INVESTMENT HOLDING P.J.S.C Financial Results for the Period Ended June 30,2026",Q2 2026,Q2 2025,423949000,-268593000,33672000,0.015,199241000,https://apigateway.adx.ae/adx/cdn/1.0/content/download/5261043
ANAN,2026-03-31 00:00:00.0,"ANAN INVESTMENT HOLDING P.J.S.C Financial Results for the Period Ended December 31,2025",2025,2024,385835000,-298093000,47599000,0.021,288553000,https://apigateway.adx.ae/adx/cdn/1.0/content/download/4801847
APEX,2026-07-27 00:00:00.0,"APEX INVESTMENT P.S.C Financial Results for the Period Ended June 30,2026",Q2 2026,Q2 2025,421341000,-335393000,-26753000,-0.007,495703000,https://apigateway.adx.ae/adx/cdn/1.0/content/download/5221065
APEX,2026-04-28 00:00:00.0,"APEX INVESTMENT P.S.C Financial Results for the Period Ended March 31,2026",Q1 2026,Q1 2025,210706000,-167634000,-94625000,-0.027,488788000,https://apigateway.adx.ae/adx/cdn/1.0/content/download/4850262
APEX,2026-01-28 00:00:00.0,"APEX INVESTMENT P.S.C Financial Results for the Period Ended December 31,2025",2025,2024,865158000,-675774000,37999000,0.011,591075000,https://apigateway.adx.ae/adx/cdn/1.0/content/download/4672272
APEX,2025-10-27 00:00:00.0,"APEX INVESTMENT P.S.C Financial Results for the Period Ended September 30,2025",Q3 2025,Q3 2024,633020000,-497416000,54435000,0.015,603371000,https://apigateway.adx.ae/adx/cdn/1.0/content/download/4569490
ARAM,2026-08-10 00:00:00.0,"Aram Group Financial Results for the Period Ended June 30,2026",Q2 2026,Q2 2025,6590000,-4197000,849000,0.011,6313000,https://apigateway.adx.ae/adx/cdn/1.0/content/download/5254422
ARAM,2026-05-14 00:00:00.0,"Aram Group Financial Results for the Period Ended March 31,2026",Q1 2026,Q1 2025,3049000,-1631000,1147000,0.015,1788000,https://apigateway.adx.ae/adx/cdn/1.0/content/download/4915785
ARAM,2026-03-05 00:00:00.0,"Aram Group Financial Results for the Period Ended December 31,2025",2025,2024,21883000,-7478000,13175000,0.167,449000,https://apigateway.adx.ae/adx/cdn/1.0/content/download/4744727
ARAM,2025-11-13 00:00:00.0,"Aram Group Financial Results for the Period Ended September 30,2025",Q3 2025,Q3 2024,8639000,-5363000,3035000,0.038,2051000.0000000002,https://apigateway.adx.ae/adx/cdn/1.0/content/download/4598043
ASM,2026-07-28 00:00:00.0,"Al Seer Marine Supplies & Equipment Company P.J.S.C Financial Results for the Period Ended June 30,2026",Q2 2026,Q2 2025,578938000,-510509000,-233453000,-0.23,493882000,https://apigateway.adx.ae/adx/cdn/1.0/content/download/5223862
ASM,2026-01-29 00:00:00.0,"Al Seer Marine Supplies & Equipment Company P.J.S.C Financial Results for the Period Ended December 31,2025",2025,2024,1348000000,-1184000000,-293000000,-0.293,384000000,https://apigateway.adx.ae/adx/cdn/1.0/content/download/4815257
BILDCO,2026-08-12 00:00:00.0,"Abu Dhabi National Co. for Building Materials Financial Results for the Period Ended June 30,2026",Q2 2026,Q2 2025,34150000,-22207000,-95658000,-0.065,4910000,https://apigateway.adx.ae/adx/cdn/1.0/content/download/5260869
BILDCO,2026-05-12 00:00:00.0,"Abu Dhabi National Co. for Building Materials Financial Results for the Period Ended March 31,2026",Q1 2026,Q1 2025,16722999.999999998,-10937000,-103523000,-0.072,9997000,https://apigateway.adx.ae/adx/cdn/1.0/content/download/4903464
BILDCO,2026-02-23 00:00:00.0,"Abu Dhabi National Co. for Building Materials Financial Results for the Period Ended December 31,2025",2025,2024,46078000,-42007000,-26770000,-0.09,13336000,https://apigateway.adx.ae/adx/cdn/1.0/content/download/4708626
BILDCO,2025-11-14 00:00:00.0,"Abu Dhabi National Co. for Building Materials Financial Results for the Period Ended September 30,2025",Q3 2025,Q3 2024,33622000,-27740000,-20477000,-0.07,14949000,https://apigateway.adx.ae/adx/cdn/1.0/content/download/4600941
BOROUGE,2026-07-31 00:00:00.0,"Borouge PLC Financial Results for the Period Ended June 30,2026",Q2 2026,Q2 2025,2581000000,-1632000000,347000000,0.01,194000000,https://apigateway.adx.ae/adx/cdn/1.0/content/download/5228462
BOROUGE,2026-04-30 00:00:00.0,"Borouge PLC Financial Results for the Period Ended March 31,2026",Q1 2026,Q1 2025,1175000000,-766000000,156000000,0.01,686000000,https://apigateway.adx.ae/adx/cdn/1.0/content/download/4854002
BOROUGE,2026-02-04 00:00:00.0,"Borouge PLC Financial Results for the Period Ended December 31,2025",2025,2024,5848000000,-3566000000,1099000000,0.04,427000000,https://apigateway.adx.ae/adx/cdn/1.0/content/download/4680437
BOROUGE,2025-10-29 00:00:00.0,"Borouge PLC Financial Results for the Period Ended September 30,2025",Q3 2025,Q3 2024,4171999999.9999995,-2552000000,769000000,0.03,197000000,https://apigateway.adx.ae/adx/cdn/1.0/content/download/4576387
BOS,2026-07-16 00:00:00.0,"Bank of Sharjah Financial Results for the Period Ended June 30,2026",Q2 2026,Q2 2025,544688000,-150760000,361912000,0.121,209294000,https://apigateway.adx.ae/adx/cdn/1.0/content/download/5187390
BOS,2026-05-06 00:00:00.0,"Bank of Sharjah Financial Results for the Period Ended March 31,2026",Q1 2026,Q1 2025,663000000,-498000000,151000000,0.05,1423000000,https://apigateway.adx.ae/adx/cdn/1.0/content/download/4878057
BOS,2026-03-17 00:00:00.0,"Bank of Sharjah Financial Results for the Period Ended December 31,2025",2025,2024,2842000000,-2039000000,729000000,0.24,2702000000,https://apigateway.adx.ae/adx/cdn/1.0/content/download/4775801
BOS,2025-10-22 00:00:00.0,"Bank of Sharjah Financial Results for the Period Ended September 30,2025",Q3 2025,Q3 2024,1987000000,-1507000000,435000000,0.145,1889000000,https://apigateway.adx.ae/adx/cdn/1.0/content/download/4567371
BURJEEL,2025-11-03 00:00:00.0,"BURJEEL HOLDINGS PLC Financial Results for the Period Ended September 30,2025",Q3 2025,Q3 2024,4099000000,-3650000000,362000000,0.07,146000000,https://apigateway.adx.ae/adx/cdn/1.0/content/download/4586504
DANA,2026-08-07 00:00:00.0,"DANA GAS PJSC Financial Results for the Period Ended June 30,2026",Q2 2026,Q2 2025,224000000,-104000000,107000000,0.055,194000000,https://apigateway.adx.ae/adx/cdn/1.0/content/download/5245890
DANA,2026-05-14 00:00:00.0,"DANA GAS PJSC Financial Results for the Period Ended March 31,2026",Q1 2026,Q1 2025,145000000,-48000000,74000000,0.039,198000000,https://apigateway.adx.ae/adx/cdn/1.0/content/download/4910914
DANA,2026-03-12 00:00:00.0,"DANA GAS PJSC Financial Results for the Period Ended December 31,2025",2025,2024,348000000,-156000000,130000000,0.068,188000000,https://apigateway.adx.ae/adx/cdn/1.0/content/download/4759098
DANA,2025-11-07 00:00:00.0,"DANA GAS PJSC Financial Results for the Period Ended September 30,2025",Q3 2025,Q3 2024,255000000,-108000000,103000000,0.054,154000000,https://apigateway.adx.ae/adx/cdn/1.0/content/download/4589608
E7,2026-08-10 00:00:00.0,"E7 Group PJSC Financial Results for the Period Ended June 30,2026",Q2 2026,Q2 2025,358209000,-240001000,60976000,0.03,143389000,https://apigateway.adx.ae/adx/cdn/1.0/content/download/5253654
E7,2026-05-11 00:00:00.0,"E7 Group PJSC Financial Results for the Period Ended March 31,2026",Q1 2026,Q1 2025,169340000,-114085000,28058000,0.01,265075000,https://apigateway.adx.ae/adx/cdn/1.0/content/download/4895732
E7,2026-03-26 00:00:00.0,"E7 Group PJSC Financial Results for the Period Ended December 31,2025",2025,2024,675645000,-456321000,104175000,0.05,373424000,https://apigateway.adx.ae/adx/cdn/1.0/content/download/4789316
E7,2025-11-12 00:00:00.0,"E7 Group PJSC Financial Results for the Period Ended September 30,2025",Q3 2025,Q3 2024,465000000,-319000000,59000000,0.03,275000000,https://apigateway.adx.ae/adx/cdn/1.0/content/download/4597664
EAND,2026-07-30 00:00:00.0,"Emirates Telecom. Group Company PJSC Financial Results for the Period Ended June 30,2026",Q2 2026,Q2 2025,38143000000,-25603000000,7007000000,0.69,8496000000,https://apigateway.adx.ae/adx/cdn/1.0/content/download/5226967
EAND,2026-04-28 00:00:00.0,"Emirates Telecom. Group Company PJSC Financial Results for the Period Ended March 31,2026",Q1 2026,Q1 2025,19417000000,-13497000000,3372000000,0.33,5949000000,https://apigateway.adx.ae/adx/cdn/1.0/content/download/4851116
EAND,2026-02-24 00:00:00.0,"Emirates Telecom. Group Company PJSC Financial Results for the Period Ended December 31,2025",2025,2024,72858000000,-50414000000,16155999999.999998,1.65,7106000000,https://apigateway.adx.ae/adx/cdn/1.0/content/download/4705300
EAND,2025-10-29 00:00:00.0,"Emirates Telecom. Group Company PJSC Financial Results for the Period Ended September 30,2025",Q3 2025,Q3 2024,53539000000,-36758000000,13183000000,1.36,7049000000,https://apigateway.adx.ae/adx/cdn/1.0/content/download/4577170
EASYLEASE,2026-07-23 00:00:00.0,"Easy Lease Motorcycle Rental PJSC Financial Results for the Period Ended June 30,2026",Q2 2026,Q2 2025,398441000,-286090000,44869000,1.31,82264000,https://apigateway.adx.ae/adx/cdn/1.0/content/download/5211340
EASYLEASE,2026-04-29 00:00:00.0,"Easy Lease Motorcycle Rental PJSC Financial Results for the Period Ended March 31,2026",Q1 2026,Q1 2025,189724000,-134082000,20703000,0.59,87386000,https://apigateway.adx.ae/adx/cdn/1.0/content/download/4853080
EASYLEASE,2026-01-27 00:00:00.0,"Easy Lease Motorcycle Rental PJSC Financial Results for the Period Ended December 31,2025",2025,2024,713168000,-515317000,90086000,2.35,76536000,https://apigateway.adx.ae/adx/cdn/1.0/content/download/4670580
EASYLEASE,2025-10-24 00:00:00.0,"Easy Lease Motorcycle Rental PJSC Financial Results for the Period Ended September 30,2025",Q3 2025,Q3 2024,516097999.99999994,-383455000,47722000,1.29,42425000,https://apigateway.adx.ae/adx/cdn/1.0/content/download/4568687
EMOBILITY,2026-07-22 00:00:00.0,"Emirates Mobility Company Financial Results for the Period Ended June 30,2026",Q2 2026,Q2 2025,360625000,-134521000,144682000,0.13,137772000,https://apigateway.adx.ae/adx/cdn/1.0/content/download/5209007
EMOBILITY,2026-04-27 00:00:00.0,"Emirates Driving Company Financial Results for the Period Ended March 31,2026",Q1 2026,Q1 2025,188974000,-68319000,74562000,0.07,294823000,https://apigateway.adx.ae/adx/cdn/1.0/content/download/4848067
EMOBILITY,2026-01-29 00:00:00.0,"Emirates Driving Company Financial Results for the Period Ended December 31,2025",2025,2024,770487000,-269238000,345861000,0.31,323478000,https://apigateway.adx.ae/adx/cdn/1.0/content/download/4676249
EMOBILITY,2025-10-23 00:00:00.0,"Emirates Driving Company Financial Results for the Period Ended September 30,2025",Q3 2025,Q3 2024,562662000,-196783000,271896000,0.24,565857000,https://apigateway.adx.ae/adx/cdn/1.0/content/download/4564405
EMSTEEL,2026-07-31 00:00:00.0,"EMSTEEL BUILDING MATERIALS PJSC Financial Results for the Period Ended June 30,2026",Q2 2026,Q2 2025,4558000000,-3719000000,560000000,0.082,1639000000,https://apigateway.adx.ae/adx/cdn/1.0/content/download/5228348
EMSTEEL,2026-05-13 00:00:00.0,"EMSTEEL BUILDING MATERIALS PJSC Financial Results for the Period Ended March 31,2026",Q1 2026,Q1 2025,2168000000,-1742000000,299000000,0.044,1524000000,https://apigateway.adx.ae/adx/cdn/1.0/content/download/4901907
EMSTEEL,2026-03-12 00:00:00.0,"EMSTEEL BUILDING MATERIALS PJSC Financial Results for the Period Ended December 31,2025",2025,2024,8941000000,-7675000000,523000000,0.076,1165000000,https://apigateway.adx.ae/adx/cdn/1.0/content/download/4759889
EMSTEEL,2025-11-12 00:00:00.0,"EMSTEEL BUILDING MATERIALS PJSC Financial Results for the Period Ended September 30,2025",Q3 2025,Q3 2024,6469000000,-5682000000,283000000,0.041,799000000,https://apigateway.adx.ae/adx/cdn/1.0/content/download/4595897
ESG,2026-07-28 00:00:00.0,"ESG EMIRATES STALLIONS GROUP P.J.S.C Financial Results for the Period Ended June 30,2026",Q2 2026,Q2 2025,766693000,-503057000,166303000,0.57,403515000,https://apigateway.adx.ae/adx/cdn/1.0/content/download/5223163
ESG,2026-04-28 00:00:00.0,"ESG EMIRATES STALLIONS GROUP P.J.S.C Financial Results for the Period Ended March 31,2026",Q1 2026,Q1 2025,370063000,-239506000,68647000,0.21,557612000,https://apigateway.adx.ae/adx/cdn/1.0/content/download/4852738
ESG,2026-01-27 00:00:00.0,"ESG EMIRATES STALLIONS GROUP P.J.S.C Financial Results for the Period Ended December 31,2025",2025,2024,1771000000,-1169000000,342000000,1.2,277000000,https://apigateway.adx.ae/adx/cdn/1.0/content/download/4673967
ESG,2025-10-27 00:00:00.0,"ESG EMIRATES STALLIONS GROUP P.J.S.C Financial Results for the Period Ended September 30,2025",Q3 2025,Q3 2024,1067000000,-710000000,188000000,0.64,216000000,https://apigateway.adx.ae/adx/cdn/1.0/content/download/4572905
ESHRAQ,2026-08-12 00:00:00.0,"ESHRAQ INVESTMENTS P.J.S.C Financial Results for the Period Ended June 30,2026",Q2 2026,Q2 2025,91979000,-18384000,75299000,0.028,115994000,https://apigateway.adx.ae/adx/cdn/1.0/content/download/5267796
ESHRAQ,2026-05-13 00:00:00.0,"ESHRAQ INVESTMENTS P.J.S.C Financial Results for the Period Ended March 31,2026",Q1 2026,Q1 2025,4492000,-1198000,-3663000,-0.001,29647000,https://apigateway.adx.ae/adx/cdn/1.0/content/download/5098284
ESHRAQ,2026-03-14 00:00:00.0,"ESHRAQ INVESTMENTS P.J.S.C Financial Results for the Period Ended December 31,2025",2025,2024,15883000,-4989000,64040000.00000001,0.024,114948000,https://apigateway.adx.ae/adx/cdn/1.0/content/download/4765887
ESHRAQ,2025-11-13 00:00:00.0,"ESHRAQ INVESTMENTS P.J.S.C Financial Results for the Period Ended September 30,2025",Q3 2025,Q3 2024,11711000,-3366000,42706000,0.016,107586000,https://apigateway.adx.ae/adx/cdn/1.0/content/download/4598652
FAB,2026-07-23 00:00:00.0,"First Abu Dhabi Bank Financial Results for the Period Ended June 30,2026",Q2 2026,Q2 2025,39393000000,-26191000000,10765000000,0.93,280425000000,https://apigateway.adx.ae/adx/cdn/1.0/content/download/5210881
FAB,2026-04-23 00:00:00.0,"First Abu Dhabi Bank Financial Results for the Period Ended March 31,2026",Q1 2026,Q1 2025,19184000000,-13060000000,5034000000,0.43,296482000000,https://apigateway.adx.ae/adx/cdn/1.0/content/download/4842144
FAB,2026-01-28 00:00:00.0,"First Abu Dhabi Bank Financial Results for the Period Ended December 31,2025",2025,2024,79174000000,-53974000000,21189000000,1.85,291324000000,https://apigateway.adx.ae/adx/cdn/1.0/content/download/4673039
FAB,2025-10-22 00:00:00.0,"First Abu Dhabi Bank Financial Results for the Period Ended September 30,2025",Q3 2025,Q3 2024,59565000000,-40313000000,16056000000,1.39,288531000000,https://apigateway.adx.ae/adx/cdn/1.0/content/download/4566047
FBI,2026-08-06 00:00:00.0,"Fujairah Building Industries P.S.C Financial Results for the Period Ended June 30,2026",Q2 2026,Q2 2025,132514999.99999999,-71021000,32610999.999999996,0.24,17349000,https://apigateway.adx.ae/adx/cdn/1.0/content/download/5244244
FBI,2026-05-07 00:00:00.0,"Fujairah Building Industries P.S.C Financial Results for the Period Ended March 31,2026",Q1 2026,Q1 2025,67692000,-37422000,17132000,0.13,18652000,https://apigateway.adx.ae/adx/cdn/1.0/content/download/4883746
FBI,2026-02-26 00:00:00.0,"Fujairah Building Industries P.S.C Financial Results for the Period Ended December 31,2025",2025,2024,254843000,-216750000,38104000,0.28,20693000,https://apigateway.adx.ae/adx/cdn/1.0/content/download/4717013
FBI,2025-11-06 00:00:00.0,"Fujairah Building Industries P.S.C Financial Results for the Period Ended September 30,2025",Q3 2025,Q3 2024,195776000,-164616000,31459000,0.231,14236000,https://apigateway.adx.ae/adx/cdn/1.0/content/download/4591030
FCI,2026-07-30 00:00:00.0,"Fujairah Cement Industries Financial Results for the Period Ended June 30,2026",Q2 2026,Q2 2025,275196000,-231542000,-2272000,-0.006,-22989000,https://apigateway.adx.ae/adx/cdn/1.0/content/download/5227749
FCI,2026-05-14 00:00:00.0,"Fujairah Cement Industries Financial Results for the Period Ended March 31,2026",Q1 2026,Q1 2025,158742000,-128752999.99999999,5678000,0.016,0,https://apigateway.adx.ae/adx/cdn/1.0/content/download/4914643
FCI,2026-03-26 00:00:00.0,"Fujairah Cement Industries Financial Results for the Period Ended December 31,2025",2025,2024,114989000,-104992000,-91225000,-0.256,10155000,https://apigateway.adx.ae/adx/cdn/1.0/content/download/4789296
FCI,2025-11-13 00:00:00.0,"Fujairah Cement Industries Financial Results for the Period Ended September 30,2025",Q3 2025,Q3 2024,18645000,-20538000,-84521000,-0.241,5587000,https://apigateway.adx.ae/adx/cdn/1.0/content/download/4599022
FERTIGLB,2026-07-28 00:00:00.0,"Fertiglobe plc Financial Results for the Period Ended June 30,2026",Q2 2026,Q2 2025,2001000000,-1376000000,470000000,0.038,1368000000,https://apigateway.adx.ae/adx/cdn/1.0/content/download/5221366
FERTIGLB,2026-04-29 00:00:00.0,"Fertiglobe plc Financial Results for the Period Ended March 31,2026",Q1 2026,Q1 2025,915000000,-598000000,267900000000000,0.024,924000000,https://apigateway.adx.ae/adx/cdn/1.0/content/download/4853766
FERTIGLB,2026-03-05 00:00:00.0,"Fertiglobe plc Financial Results for the Period Ended December 31,2025",2025,2024,2827000000,-1942000000,588500000000000,0.053,728200000000000,https://apigateway.adx.ae/adx/cdn/1.0/content/download/4742366
FERTIGLB,2025-11-10 00:00:00.0,"Fertiglobe plc Financial Results for the Period Ended September 30,2025",Q3 2025,Q3 2024,2019000000.0000002,-1412000000,423600000000000,0.04,631400000000000,https://apigateway.adx.ae/adx/cdn/1.0/content/download/4591065
GCEM,2026-08-03 00:00:00.0,"Gulf Cement Co. Financial Results for the Period Ended June 30,2026",Q2 2026,Q2 2025,329818000,-312300000,13211000,0.03,7205000,https://apigateway.adx.ae/adx/cdn/1.0/content/download/5234352
GCEM,2026-05-12 00:00:00.0,"Gulf Cement Co. Financial Results for the Period Ended March 31,2026",Q1 2026,Q1 2025,157312000,-134623000,22577000,0.05,2203000,https://apigateway.adx.ae/adx/cdn/1.0/content/download/4900986
GCEM,2026-02-05 00:00:00.0,"Gulf Cement Co. Financial Results for the Period Ended December 31,2025",2025,2024,551569000,-581047000,-7993000,-0.02,2217000,https://apigateway.adx.ae/adx/cdn/1.0/content/download/4683562
GCEM,2025-11-04 00:00:00.0,"Gulf Cement Co. Financial Results for the Period Ended September 30,2025",Q3 2025,Q3 2024,394851000,-379313000,-9460000,-0.02,10613000,https://apigateway.adx.ae/adx/cdn/1.0/content/download/4588921
GFH,2026-08-13 00:00:00.0,"GFH Bank B.S.C Financial Results for the Period Ended June 30,2026",Q2 2026,Q2 2025,310000000,232000000,77000000,2.21,902000000,https://apigateway.adx.ae/adx/cdn/1.0/content/download/5266469
GFH,2026-05-14 00:00:00.0,"GFH Bank B.S.C Financial Results for the Period Ended March 31,2026",Q1 2026,Q1 2025,152000000,116000000,34000000,1.01,1164000000,https://apigateway.adx.ae/adx/cdn/1.0/content/download/4913190
GFH,2026-04-07 00:00:00.0,"GFH Financial Group B.S.C Financial Results for the Period Ended December 31,2025",2025,2024,719000000,573000000,146000000,3.92,1133000000,https://apigateway.adx.ae/adx/cdn/1.0/content/download/4814866
GFH,2025-11-14 00:00:00.0,"GFH Financial Group B.S.C Financial Results for the Period Ended September 30,2025",Q3 2025,Q3 2024,557000000,-57000000,105000000,2.83,1058000000,https://apigateway.adx.ae/adx/cdn/1.0/content/download/4599831
GHITHA,2026-07-28 00:00:00.0,"GHITHA HOLDING P.J.S.C. Financial Results for the Period Ended June 30,2026",Q2 2026,Q2 2025,3355000000,-2689000000,128000000,0.34,609000000,https://apigateway.adx.ae/adx/cdn/1.0/content/download/5223873
GHITHA,2026-04-29 00:00:00.0,"GHITHA HOLDING P.J.S.C. Financial Results for the Period Ended March 31,2026",Q1 2026,Q1 2025,1623000000,-1292000000,60000000,0.14,603000000,https://apigateway.adx.ae/adx/cdn/1.0/content/download/4854676
GHITHA,2026-01-29 00:00:00.0,"GHITHA HOLDING P.J.S.C. Financial Results for the Period Ended December 31,2025",2025,2024,5580000000,-4380000000,90000000,0.15,492000000,https://apigateway.adx.ae/adx/cdn/1.0/content/download/4674467
GHITHA,2025-10-27 00:00:00.0,"GHITHA HOLDING P.J.S.C. Financial Results for the Period Ended September 30,2025",Q3 2025,Q3 2024,4003000000,-3123000000,80000000,0.2,555000000,https://apigateway.adx.ae/adx/cdn/1.0/content/download/4572569
GMPC,2026-08-13 00:00:00.0,"Gulf Medical Projects Company Financial Results for the Period Ended June 30,2026",Q2 2026,Q2 2025,405239000,-302648000,68468000,0.08,20673000,https://apigateway.adx.ae/adx/cdn/1.0/content/download/5266566
GMPC,2026-05-11 00:00:00.0,"Gulf Medical Projects Company Financial Results for the Period Ended March 31,2026",Q1 2026,Q1 2025,194389000,-145386000,26679000,0.03,139887000,https://apigateway.adx.ae/adx/cdn/1.0/content/download/4892661
GMPC,2026-02-17 00:00:00.0,"Gulf Medical Projects Company Financial Results for the Period Ended December 31,2025",2025,2024,767523000,-556113000,135167000,0.155,49304000,https://apigateway.adx.ae/adx/cdn/1.0/content/download/4703676
GMPC,2025-11-13 00:00:00.0,"Gulf Medical Projects Company Financial Results for the Period Ended September 30,2025",Q3 2025,Q3 2024,553754000,-406750000,96661000,0.112,15225000,https://apigateway.adx.ae/adx/cdn/1.0/content/download/4598061
HAYAH,2026-08-13 00:00:00.0,"Hayah Insurance Company P.J.S.C Financial Results for the Period Ended June 30,2026",Q2 2026,Q2 2025,91265000,-68355000,306000,0.002,46962000,https://apigateway.adx.ae/adx/cdn/1.0/content/download/5261460
HAYAH,2026-05-14 00:00:00.0,"Hayah Insurance Company P.J.S.C Financial Results for the Period Ended March 31,2026",Q1 2026,Q1 2025,42681000,-30617000,1247000,0.006,39516000,https://apigateway.adx.ae/adx/cdn/1.0/content/download/4908638
HAYAH,2026-03-23 00:00:00.0,"Hayah Insurance Company P.J.S.C Financial Results for the Period Ended December 31,2025",2025,2024,127482000,-118059000,1670000,0.008,34428000,https://apigateway.adx.ae/adx/cdn/1.0/content/download/4782590
HAYAH,2025-11-11 00:00:00.0,"Hayah Insurance Company P.J.S.C Financial Results for the Period Ended September 30,2025",Q3 2025,Q3 2024,86575000,-85635000,-2821000,-0.014,20136000,https://apigateway.adx.ae/adx/cdn/1.0/content/download/4602304
ICAP,2026-07-30 00:00:00.0,"Investcorp Capital PLC Financial Results for the Period Ended June 30,2026",2026,2025,94000000,-9000000,44000000,2.02,,https://apigateway.adx.ae/adx/cdn/1.0/content/download/5228608
ICAP,2026-04-30 00:00:00.0,"Investcorp Capital PLC Financial Results for the Period Ended March 31,2026",Q1 2026,Q1 2025,72000000,-37000000,35000000,1.6,0,https://apigateway.adx.ae/adx/cdn/1.0/content/download/4854445
ICAP,2026-02-11 00:00:00.0,"Investcorp Capital PLC Financial Results for the Period Ended December 31,2025",Q2 2025,Q2 2024,52000000,-25000000,27000000,1.24,,https://apigateway.adx.ae/adx/cdn/1.0/content/download/4697845
ICAP,2025-11-11 00:00:00.0,"Investcorp Capital PLC Financial Results for the Period Ended September 30,2025",Q3 2025,Q3 2024,24000000,-12000000,12000000,-0.55,0,https://apigateway.adx.ae/adx/cdn/1.0/content/download/4594393
ICAP,2025-09-18 00:00:00.0,"Investcorp Capital PLC Financial Results for the Period Ended June 30,2025",2025,2024,124000000,-43000000,81000000,3.7,0,https://apigateway.adx.ae/adx/cdn/1.0/content/download/4531192
IHC,2026-08-05 00:00:00.0,"International Holding Company PJSC Financial Results for the Period Ended June 30,2026",Q2 2026,Q2 2025,64855999999.99999,-48082000000,26225000000,8.21,42744000000,https://apigateway.adx.ae/adx/cdn/1.0/content/download/5240972
IHC,2026-05-06 00:00:00.0,"International Holding Company PJSC Financial Results for the Period Ended March 31,2026",Q1 2026,Q1 2025,31445000000,-23522000000,8186999999.999999,2.32,37353000000,https://apigateway.adx.ae/adx/cdn/1.0/content/download/4877965
IHC,2026-02-13 00:00:00.0,"International Holding Company PJSC Financial Results for the Period Ended December 31,2025",2025,2024,111401000000,-82278000000,34715000000,9.93,34045000000,https://apigateway.adx.ae/adx/cdn/1.0/content/download/4700889
IHC,2025-11-05 00:00:00.0,"International Holding Company PJSC Financial Results for the Period Ended September 30,2025",Q3 2025,Q3 2024,84638000000,-62103000000,19500000000,4.63,35246000000,https://apigateway.adx.ae/adx/cdn/1.0/content/download/4581705
INB,2026-08-06 00:00:00.0,"Invest Bank Financial Results for the Period Ended June 30,2026",Q2 2026,Q2 2025,448000000,-391000000,75000000,0,2978000000,https://apigateway.adx.ae/adx/cdn/1.0/content/download/5243376
INB,2026-05-13 00:00:00.0,"Invest Bank Financial Results for the Period Ended March 31,2026",Q1 2026,Q1 2025,208000000,-192000000,22000000,0,2220000000,https://apigateway.adx.ae/adx/cdn/1.0/content/download/4906306
INB,2026-02-23 00:00:00.0,"Invest Bank Financial Results for the Period Ended December 31,2025",2025,2024,802000000,-725000000,161000000,0.001,2249000000,https://apigateway.adx.ae/adx/cdn/1.0/content/download/4708134
INB,2025-11-07 00:00:00.0,"Invest Bank Financial Results for the Period Ended September 30,2025",Q3 2025,Q3 2024,514000000,-495000000,100000000,0,2158000000,https://apigateway.adx.ae/adx/cdn/1.0/content/download/4592938
INVICTUS,2026-08-02 00:00:00.0,"Invictus Investment Company PLC Financial Results for the Period Ended June 30,2026",Q2 2026,Q2 2025,6147000000,-5921000000,26000000,0.027,407000000,https://apigateway.adx.ae/adx/cdn/1.0/content/download/5234374
INVICTUS,2026-02-20 00:00:00.0,"Invictus Investment Company PLC Financial Results for the Period Ended December 31,2025",2025,2024,13256000000,-12644000000,228000000,0.2,897000000,https://apigateway.adx.ae/adx/cdn/1.0/content/download/4704598
JULPHAR,2026-08-13 00:00:00.0,"Gulf Pharmaceutical Industries Financial Results for the Period Ended June 30,2026",Q2 2026,Q2 2025,573000000,-312000000,54000000,0.049,199000000,https://apigateway.adx.ae/adx/cdn/1.0/content/download/5266446
JULPHAR,2026-05-14 00:00:00.0,"Gulf Pharmaceutical Industries Financial Results for the Period Ended March 31,2026",Q1 2026,Q1 2025,273000000,-153000000,35100000000000,0.03,229600000000000,https://apigateway.adx.ae/adx/cdn/1.0/content/download/4912785
JULPHAR,2026-03-27 00:00:00.0,"Gulf Pharmaceutical Industries Financial Results for the Period Ended December 31,2025",2025,2024,1075000000,-1027000000,173000000,14.91,235800000000000,https://apigateway.adx.ae/adx/cdn/1.0/content/download/4789320
JULPHAR,2025-11-13 00:00:00.0,"Gulf Pharmaceutical Industries Financial Results for the Period Ended September 30,2025",Q3 2025,Q3 2024,796000000,-741000000,167300000000000,0.144,221400000000000,https://apigateway.adx.ae/adx/cdn/1.0/content/download/4598253
LULU,2026-08-13 00:00:00.0,"Lulu Retail Holdings PLC Financial Results for the Period Ended June 30,2026",Q2 2026,Q2 2025,3991000000,-3089000000,89000000,0.86,299000000,https://apigateway.adx.ae/adx/cdn/1.0/content/download/5266770
LULU,2026-05-11 00:00:00.0,"Lulu Retail Holdings PLC Financial Results for the Period Ended March 31,2026",Q1 2026,Q1 2025,2020000000,-1571000000,47000000,0.45,414000000,https://apigateway.adx.ae/adx/cdn/1.0/content/download/4892684
LULU,2026-03-18 00:00:00.0,"Lulu Retail Holdings PLC Financial Results for the Period Ended December 31,2025",2025,2024,7934000000,-6111000000,205000000,1.98,330000000,https://apigateway.adx.ae/adx/cdn/1.0/content/download/4777650
LULU,2025-11-10 00:00:00.0,"Lulu Retail Holdings PLC Financial Results for the Period Ended September 30,2025",Q3 2025,Q3 2024,5994000000,-4612000000,163000000,1.58,261000000,https://apigateway.adx.ae/adx/cdn/1.0/content/download/4594083
MAIR,2026-08-12 00:00:00.0,"MAIR GROUP -  P.J.S.C. Financial Results for the Period Ended June 30,2026",Q2 2026,Q2 2025,1080000000,-1011000000,94000000,0.042,119000000,https://apigateway.adx.ae/adx/cdn/1.0/content/download/5261075
MAIR,2026-05-13 00:00:00.0,"MAIR GROUP -  P.J.S.C. Financial Results for the Period Ended March 31,2026",Q1 2026,Q1 2025,564157000,-519473000,51954000,0.023,353713000,https://apigateway.adx.ae/adx/cdn/1.0/content/download/4908399
MAIR,2026-03-23 00:00:00.0,"MAIR GROUP -  P.J.S.C. Financial Results for the Period Ended December 31,2025",2025,2024,1956000000,-1867000000,191000000,0.086,323000000,https://apigateway.adx.ae/adx/cdn/1.0/content/download/4782832
MAIR,2025-11-11 00:00:00.0,"MAIR GROUP -  P.J.S.C. Financial Results for the Period Ended September 30,2025",Q3 2025,Q3 2024,1480000000,-1373000000,106000000,0.05,292000000,https://apigateway.adx.ae/adx/cdn/1.0/content/download/4595486
MODON,2026-07-29 00:00:00.0,"Modon Holding PSC Financial Results for the Period Ended June 30,2026",Q2 2026,Q2 2025,9188000000,-5987000000,2202000000,0.132,8478999999.999999,https://apigateway.adx.ae/adx/cdn/1.0/content/download/5225942
MODON,2026-02-18 00:00:00.0,"Modon Holding PSC Financial Results for the Period Ended December 31,2025",2025,2024,13829000000,-8804000000,3926000000,0.25,8340000000,https://apigateway.adx.ae/adx/cdn/1.0/content/download/4704274
NCTH,2026-07-28 00:00:00.0,"National Corporation for Tourism & Hotels Financial Results for the Period Ended June 30,2026",Q2 2026,Q2 2025,1125000000,-724000000,138000000,0.06,367000000,https://apigateway.adx.ae/adx/cdn/1.0/content/download/5222426
NCTH,2026-04-28 00:00:00.0,"National Corporation for Tourism & Hotels Financial Results for the Period Ended March 31,2026",Q1 2026,Q1 2025,615867000,-364937000,96560000,0.04,526895000,https://apigateway.adx.ae/adx/cdn/1.0/content/download/4850619
NCTH,2026-02-06 00:00:00.0,"National Corporation for Tourism & Hotels Financial Results for the Period Ended December 31,2025",2025,2024,2183000000,-1310000000,401000000,0.18,451000000,https://apigateway.adx.ae/adx/cdn/1.0/content/download/4686188
NCTH,2025-10-31 00:00:00.0,"National Corporation for Tourism & Hotels Financial Results for the Period Ended September 30,2025",Q3 2025,Q3 2024,1534000000,-1046999999.9999999,333000000,0.15,312000000,https://apigateway.adx.ae/adx/cdn/1.0/content/download/4570423
NMDC,2026-07-30 00:00:00.0,"NMDC Group PJSC Financial Results for the Period Ended June 30,2026",Q2 2026,Q2 2025,14133000000,-12131000000,1606000000,1.83,5411000000,https://apigateway.adx.ae/adx/cdn/1.0/content/download/5226813
NMDC,2026-04-30 00:00:00.0,"NMDC Group PJSC Financial Results for the Period Ended March 31,2026",Q1 2026,Q1 2025,6645000000,-6099000000,387000000,0.43,6010000000,https://apigateway.adx.ae/adx/cdn/1.0/content/download/4853999
NMDC,2026-02-06 00:00:00.0,"NMDC Group PJSC Financial Results for the Period Ended December 31,2025",2025,2024,28811000000,-24023000000,4002000000,4.29,4938000000,https://apigateway.adx.ae/adx/cdn/1.0/content/download/4686433
NMDC,2025-10-31 00:00:00.0,"NMDC Group PJSC Financial Results for the Period Ended September 30,2025",Q3 2025,Q3 2024,20545000000,-17324000000,2764000000,3.01,2655000000,https://apigateway.adx.ae/adx/cdn/1.0/content/download/4570207
NMDCENR,2026-07-28 00:00:00.0,"NMDC Energy P.J.S.C. Financial Results for the Period Ended June 30,2026",Q2 2026,Q2 2025,9483000000,-8999000000,251000000,0.05,3288000000,https://apigateway.adx.ae/adx/cdn/1.0/content/download/5223876
NMDCENR,2026-04-29 00:00:00.0,"NMDC Energy P.J.S.C. Financial Results for the Period Ended March 31,2026",Q1 2026,Q1 2025,4964000000,-4794000000,80000000,0.016,3469000000,https://apigateway.adx.ae/adx/cdn/1.0/content/download/4855477
NMDCENR,2026-02-06 00:00:00.0,"NMDC Energy P.J.S.C. Financial Results for the Period Ended December 31,2025",2025,2024,18662000000,-16463999999.999998,1602000000,0.32,4486000000,https://apigateway.adx.ae/adx/cdn/1.0/content/download/4721474
NMDCENR,2025-10-29 00:00:00.0,"NMDC Energy P.J.S.C. Financial Results for the Period Ended September 30,2025",Q3 2025,Q3 2024,13012000000,-11735000000,951000000,0.19,3591000000,https://apigateway.adx.ae/adx/cdn/1.0/content/download/4577006
OEIHC,2026-08-11 00:00:00.0,"Oman & Emirates Investment Holding Co Financial Results for the Period Ended June 30,2026",Q2 2026,Q2 2025,-1204000,-418000,-1621000,-0.013,2298000,https://apigateway.adx.ae/adx/cdn/1.0/content/download/5255293
OEIHC,2026-05-19 00:00:00.0,"Oman & Emirates Investment Holding Co Financial Results for the Period Ended December 31,2025",Q1 2026,Q1 2025,8000000,-4000000,4000000,0.037,2128000000,https://apigateway.adx.ae/adx/cdn/1.0/content/download/4931133
OEIHC,2026-02-16 00:00:00.0,"Oman & Emirates Investment Holding Co Financial Results for the Period Ended December 31,2025",2025,2024,4091000,-3326000,736000,0.011,959000,https://apigateway.adx.ae/adx/cdn/1.0/content/download/4702800
OEIHC,2025-11-12 00:00:00.0,"Oman & Emirates Investment Holding Co Financial Results for the Period Ended September 30,2025",Q3 2025,Q3 2024,3561000,-2468000,1092000,0.013,1821000,https://apigateway.adx.ae/adx/cdn/1.0/content/download/4596324
OEIHC,2025-11-12 00:00:00.0,"Oman & Emirates Investment Holding Co Financial Results for the Period Ended September 30,2025",Q3 2025,Q3 2024,3561000,-2468000,1092000,0.013,1821000,https://apigateway.adx.ae/adx/cdn/1.0/content/download/4595626
ORAS,2026-08-14 00:00:00.0,"ORASCOM CONSTRUCTION PLC Financial Results for the Period Ended June 30,2026",Q2 2026,Q2 2025,2978000000,-2688000000,127000000,1.05,1230000000,https://apigateway.adx.ae/adx/cdn/1.0/content/download/5266117
ORAS,2026-05-14 00:00:00.0,"ORASCOM CONSTRUCTION PLC Financial Results for the Period Ended March 31,2026",Q1 2026,Q1 2025,1468000000,-1321000000,58000000000000,0.48,1205000000,https://apigateway.adx.ae/adx/cdn/1.0/content/download/4912245
ORAS,2026-04-21 00:00:00.0,"ORASCOM CONSTRUCTION PLC Financial Results for the Period Ended December 31,2025",2025,2024,5049000000,-4588000000,205700000000000,1.77,1369000000,https://apigateway.adx.ae/adx/cdn/1.0/content/download/4839286
ORAS,2025-11-14 00:00:00.0,"ORASCOM CONSTRUCTION PLC Financial Results for the Period Ended September 30,2025",Q3 2025,Q3 2024,3428000000,-3091000000,137199999999.99998,1.21,1289700000000000,https://apigateway.adx.ae/adx/cdn/1.0/content/download/4599138
ORDS,2026-07-28 00:00:00.0,"OOREDOO Financial Results for the Period Ended June 30,2026",Q2 2026,Q2 2025,12457000000,-9886000000,2146999999.9999998,0.58,9935000000,https://apigateway.adx.ae/adx/cdn/1.0/content/download/5223860
ORDS,2026-04-29 00:00:00.0,"OOREDOO Financial Results for the Period Ended March 31,2026",Q1 2026,Q1 2025,6199000000,-4797000000,1187000000,0.31,11932000000,https://apigateway.adx.ae/adx/cdn/1.0/content/download/4855474
ORDS,2026-02-09 00:00:00.0,"OOREDOO Financial Results for the Period Ended December 31,2025",2025,2024,24604000000,-19242000000,4612000000,1.21,13162000000,https://apigateway.adx.ae/adx/cdn/1.0/content/download/4693090
ORDS,2025-10-29 00:00:00.0,"OOREDOO Financial Results for the Period Ended September 30,2025",Q3 2025,Q3 2024,18177000000,-13914000000,3687000000,0.96,14211000000,https://apigateway.adx.ae/adx/cdn/1.0/content/download/4578511
PALMS,2026-07-21 00:00:00.0,"PALMS SPORTS PrJSC Financial Results for the Period Ended June 30,2026",Q2 2026,Q2 2025,568949000,-470039000,43088000,0.29,100873000,https://apigateway.adx.ae/adx/cdn/1.0/content/download/5205874
PALMS,2026-04-21 00:00:00.0,"PALMS SPORTS PrJSC Financial Results for the Period Ended March 31,2026",Q1 2026,Q1 2025,288528000,-234729000,18298000,0.12,120498000,https://apigateway.adx.ae/adx/cdn/1.0/content/download/4841121
PALMS,2026-01-20 00:00:00.0,"PALMS SPORTS PrJSC Financial Results for the Period Ended December 31,2025",2025,2024,1162000000,-942000000,114000000,0.77,144000000,https://apigateway.adx.ae/adx/cdn/1.0/content/download/4666828
PALMS,2025-10-20 00:00:00.0,"PALMS SPORTS PrJSC Financial Results for the Period Ended September 30,2025",Q3 2025,Q3 2024,841929000,-698617000,83556000,0.56,133120000,https://apigateway.adx.ae/adx/cdn/1.0/content/download/4565609
PALMS,2025-10-20 00:00:00.0,"PALMS SPORTS PrJSC Financial Results for the Period Ended September 30,2025",Q3 2025,Q3 2024,841929000,-698617000,83556000,0.56,133120000,https://apigateway.adx.ae/adx/cdn/1.0/content/download/4564157
PHX,2026-07-16 00:00:00.0,"PHOENIX GROUP   PLC Financial Results for the Period Ended June 30,2026",Q2 2026,Q2 2025,42320000,-43677000,-91027000,-0.015,11728000,https://apigateway.adx.ae/adx/cdn/1.0/content/download/5189022
PHX,2026-05-12 00:00:00.0,"PHOENIX GROUP   PLC Financial Results for the Period Ended March 31,2026",Q1 2026,Q1 2025,23309000,-23075000,-81036000,-0.013,10565000,https://apigateway.adx.ae/adx/cdn/1.0/content/download/4901787
PHX,2026-02-17 00:00:00.0,"PHOENIX GROUP   PLC Financial Results for the Period Ended December 31,2025",2025,2024,117744000,-156743000,-271654000,-0.045,5404000,https://apigateway.adx.ae/adx/cdn/1.0/content/download/4704825
PHX,2025-10-28 00:00:00.0,"PHOENIX GROUP   PLC Financial Results for the Period Ended September 30,2025",Q3 2025,Q3 2024,92328000,-122888000,-229133000,-0.038,14746000,https://apigateway.adx.ae/adx/cdn/1.0/content/download/4576599
PRESIGHT,2026-08-11 00:00:00.0,"Presight AI Holding PLC Financial Results for the Period Ended June 30,2026",Q2 2026,Q2 2025,1402000000,-932000000,251000000,0.04,2005000000,https://apigateway.adx.ae/adx/cdn/1.0/content/download/5255691
PRESIGHT,2026-05-12 00:00:00.0,"Presight AI Holding PLC Financial Results for the Period Ended March 31,2026",Q1 2026,Q1 2025,689000000,-433000000,134000000.00000001,0.02,2029999999.9999998,https://apigateway.adx.ae/adx/cdn/1.0/content/download/4900984
PRESIGHT,2026-02-11 00:00:00.0,"Presight AI Holding PLC Financial Results for the Period Ended December 31,2025",2025,2024,3030000000,-1884000000,665000000,0.1,2170000000,https://apigateway.adx.ae/adx/cdn/1.0/content/download/4695735
PRESIGHT,2025-11-12 00:00:00.0,"Presight AI Holding PLC Financial Results for the Period Ended September 30,2025",Q3 2025,Q3 2024,1741000000,-1110000000,320000000,0.05,1879000000,https://apigateway.adx.ae/adx/cdn/1.0/content/download/4597584
PUREHEALTH,2026-07-31 00:00:00.0,"Pure Health Holding PJSC Financial Results for the Period Ended June 30,2026",Q2 2026,Q2 2025,14851000000,-11232000000,1236000000,0.11,2553000000,https://apigateway.adx.ae/adx/cdn/1.0/content/download/5228744
PUREHEALTH,2026-05-01 00:00:00.0,"Pure Health Holding PJSC Financial Results for the Period Ended March 31,2026",Q1 2026,Q1 2025,7262000000,-5584000000,415000000,0.03,2612000000,https://apigateway.adx.ae/adx/cdn/1.0/content/download/4858743
PUREHEALTH,2026-02-09 00:00:00.0,"Pure Health Holding PJSC Financial Results for the Period Ended December 31,2025",2025,2024,27312000000,-20579000000,2020000000,0.18,4424000000,https://apigateway.adx.ae/adx/cdn/1.0/content/download/4687115
PUREHEALTH,2025-11-03 00:00:00.0,"Pure Health Holding PJSC Financial Results for the Period Ended September 30,2025",Q3 2025,Q3 2024,20101000000,-18472000000,1550000000,0.14,5900000000,https://apigateway.adx.ae/adx/cdn/1.0/content/download/4586206
RAKBANK,2026-07-23 00:00:00.0,"The National Bank of Ras Al Khaimah Financial Results for the Period Ended June 30,2026",Q2 2026,Q2 2025,4477000000,-2598000000,1713000000,0.85,10462000000,https://apigateway.adx.ae/adx/cdn/1.0/content/download/5212297
RAKBANK,2026-04-20 00:00:00.0,"The National Bank of Ras Al Khaimah Financial Results for the Period Ended March 31,2026",Q1 2026,Q1 2025,2461000000,-1354000000,1008000000,0.5,13607000000,https://apigateway.adx.ae/adx/cdn/1.0/content/download/4837443
RAKBANK,2026-02-06 00:00:00.0,"The National Bank of Ras Al Khaimah Financial Results for the Period Ended December 31,2025",2025,2024,7701000000,-4837000000,2609000000,1.29,15052000000,https://apigateway.adx.ae/adx/cdn/1.0/content/download/4686086
RAKBANK,2025-10-23 00:00:00.0,"The National Bank of Ras Al Khaimah Financial Results for the Period Ended September 30,2025",Q3 2025,Q3 2024,5809000000,-3525000000,2080000000,1.03,11863000000,https://apigateway.adx.ae/adx/cdn/1.0/content/download/4567996
RAKCEC,2026-08-05 00:00:00.0,"RAK Ceramics PJSC Financial Results for the Period Ended June 30,2026",Q2 2026,Q2 2025,1584000000,-946000000,107000000,0.103,156000000,https://apigateway.adx.ae/adx/cdn/1.0/content/download/5241086
RAKCEC,2026-05-12 00:00:00.0,"RAK Ceramics PJSC Financial Results for the Period Ended March 31,2026",Q1 2026,Q1 2025,760686000,-461319000,38216000,0.036,99532000,https://apigateway.adx.ae/adx/cdn/1.0/content/download/4897634
RAKCEC,2026-02-11 00:00:00.0,"RAK Ceramics PJSC Financial Results for the Period Ended December 31,2025",2025,2024,3185000000,311000000,248000000,0.245,127000000,https://apigateway.adx.ae/adx/cdn/1.0/content/download/4695520
RAKCEC,2025-11-12 00:00:00.0,"RAK Ceramics PJSC Financial Results for the Period Ended September 30,2025",Q3 2025,Q3 2024,824000000,-1450000000,182700000000000,0.18,103000000,https://apigateway.adx.ae/adx/cdn/1.0/content/download/4597395
RAKPROP,2026-08-06 00:00:00.0,"RAK Properties Financial Results for the Period Ended June 30,2026",Q2 2026,Q2 2025,533139000,-319207000,76654000,0.026,163198000,https://apigateway.adx.ae/adx/cdn/1.0/content/download/5244377
RAKPROP,2026-05-12 00:00:00.0,"RAK Properties Financial Results for the Period Ended March 31,2026",Q1 2026,Q1 2025,277985000,-162637000,40091000,0.013,94288000,https://apigateway.adx.ae/adx/cdn/1.0/content/download/4904960
RAKPROP,2026-03-22 00:00:00.0,"RAK Properties Financial Results for the Period Ended December 31,2025",2025,2024,1837000000,-1130000000,404000000,0.135,236000000,https://apigateway.adx.ae/adx/cdn/1.0/content/download/4780541
RAKPROP,2025-10-22 00:00:00.0,"RAK Properties Financial Results for the Period Ended September 30,2025",Q3 2025,Q3 2024,1165000000,-715000000,217000000,0.073,129000000,https://apigateway.adx.ae/adx/cdn/1.0/content/download/4567846
RPM,2026-07-28 00:00:00.0,"Response Plus Holding PrJSC Financial Results for the Period Ended June 30,2026",Q2 2026,Q2 2025,390061000,-345342000,39840000,0.2,22212000,https://apigateway.adx.ae/adx/cdn/1.0/content/download/5223756
RPM,2026-03-26 00:00:00.0,"Response Plus Holding PrJSC Financial Results for the Period Ended December 31,2025",2025,2024,516054999.99999994,-463947000,49956000,0.25,24872000,https://apigateway.adx.ae/adx/cdn/1.0/content/download/4789882
SCIDC,2026-08-12 00:00:00.0,"Sharjah Cement and Industrial Development Co. Financial Results for the Period Ended June 30,2026",Q2 2026,Q2 2025,485455000,-379626000,77397000,0.127,101841000,https://apigateway.adx.ae/adx/cdn/1.0/content/download/5261089
SCIDC,2026-05-12 00:00:00.0,"Sharjah Cement and Industrial Development Co. Financial Results for the Period Ended March 31,2026",Q1 2026,Q1 2025,227866000,-178402000,37492000,0.062,48708000,https://apigateway.adx.ae/adx/cdn/1.0/content/download/4901794
SCIDC,2026-03-06 00:00:00.0,"Sharjah Cement and Industrial Development Co. Financial Results for the Period Ended December 31,2025",2025,2024,782600000,-636140000,105891000,0.174,71958000,https://apigateway.adx.ae/adx/cdn/1.0/content/download/4746296
SCIDC,2025-11-13 00:00:00.0,"Sharjah Cement and Industrial Development Co. Financial Results for the Period Ended September 30,2025",Q3 2025,Q3 2024,554925000,-466687000,59197000,0.097,61536000,https://apigateway.adx.ae/adx/cdn/1.0/content/download/4596925
SIB,2026-07-13 00:00:00.0,"Sharjah Islamic Bank Financial Results for the Period Ended June 30,2026",Q2 2026,Q2 2025,1401999999.9999998,-516000000,804000000,0.21,7988000000,https://apigateway.adx.ae/adx/cdn/1.0/content/download/5168450
SIB,2026-04-13 00:00:00.0,"Sharjah Islamic Bank Financial Results for the Period Ended March 31,2026",Q1 2026,Q1 2025,1259000000,-850000000,381000000,0.12,7096000000,https://apigateway.adx.ae/adx/cdn/1.0/content/download/4824665
SIB,2026-02-02 00:00:00.0,"Sharjah Islamic Bank Financial Results for the Period Ended December 31,2025",2025,2024,4930000000,-3559000000,1317000000,0.38,13255000000,https://apigateway.adx.ae/adx/cdn/1.0/content/download/4678892
SIB,2025-10-07 00:00:00.0,"Sharjah Islamic Bank Financial Results for the Period Ended September 30,2025",Q3 2025,Q3 2024,3663000000,-2448000000,1105000000,0.33,7517000000,https://apigateway.adx.ae/adx/cdn/1.0/content/download/4551443
SPACE42,2026-08-05 00:00:00.0,"SPACE42 PLC Financial Results for the Period Ended June 30,2026",Q2 2026,Q2 2025,260000000,-244000000,15000000,0.384,1151000000,https://apigateway.adx.ae/adx/cdn/1.0/content/download/5241374
SPACE42,2026-05-13 00:00:00.0,"SPACE42 PLC Financial Results for the Period Ended March 31,2026",Q1 2026,Q1 2025,116000000,-64000000,3000000,0.097,1024000000,https://apigateway.adx.ae/adx/cdn/1.0/content/download/4916279
SPACE42,2026-02-25 00:00:00.0,"SPACE42 PLC Financial Results for the Period Ended December 31,2025",2025,2024,576667000,-657011000,-55434000,-1.752,995017000,https://apigateway.adx.ae/adx/cdn/1.0/content/download/4716139
SPACE42,2025-11-06 00:00:00.0,"SPACE42 PLC Financial Results for the Period Ended September 30,2025",Q3 2025,Q3 2024,362646000,-215253000,56060000,0.79,705238000,https://apigateway.adx.ae/adx/cdn/1.0/content/download/4582021
SUDATEL,2026-08-04 00:00:00.0,"Sudatel Telecommunications Group Company Limited Financial Results for the Period Ended June 30,2026",Q2 2026,Q2 2025,278890000,-176353000,14359000,0.011,42762000,https://apigateway.adx.ae/adx/cdn/1.0/content/download/5237525
SUDATEL,2026-06-29 00:00:00.0,"Sudatel Telecommunications Group Company Limited Financial Results for the Period Ended March 31,2026",Q1 2026,Q1 2025,140336000,-86594000,5734000,0.004,78331000,https://apigateway.adx.ae/adx/cdn/1.0/content/download/5077894
SUDATEL,2026-04-24 01:00:00.0,"Sudatel Telecommunications Group Company Limited Financial Results for the Period Ended December 31,2025",2025,2024,452475000,-194302000,117535000,0.085,47526000,https://apigateway.adx.ae/adx/cdn/1.0/content/download/4842565
SUDATEL,2025-12-29 00:00:00.0,"Sudatel Telecommunications Group Company Limited Financial Results for the Period Ended September 30,2025",Q3 2025,Q3 2024,327921000,-138857000,71082000,0.051,44574000,https://apigateway.adx.ae/adx/cdn/1.0/content/download/4639387
SUDATEL,2025-10-15 00:00:00.0,"Sudatel Telecommunications Group Company Limited Financial Results for the Period Ended June 30,2025",Q2 2025,Q2 2024,214850000,-90102000,39525000,0.029,40939000,https://apigateway.adx.ae/adx/cdn/1.0/content/download/4554549
TKFL,2026-08-13 00:00:00.0,"Abu Dhabi National Takaful Co. Financial Results for the Period Ended June 30,2026",Q2 2026,Q2 2025,526010999.99999994,-397341000,64143000,0.61,81869000,https://apigateway.adx.ae/adx/cdn/1.0/content/download/5266748
TKFL,2026-05-15 00:00:00.0,"Abu Dhabi National Takaful Co. Financial Results for the Period Ended March 31,2026",Q1 2026,Q1 2025,260611000,-322433000,35927000,0.34,52498000,https://apigateway.adx.ae/adx/cdn/1.0/content/download/4912631
TKFL,2026-03-17 00:00:00.0,"Abu Dhabi National Takaful Co. Financial Results for the Period Ended December 31,2025",2025,2024,962581000,-689400000,132805000,1.26,76852000,https://apigateway.adx.ae/adx/cdn/1.0/content/download/4771130
TKFL,2025-11-12 00:00:00.0,"Abu Dhabi National Takaful Co. Financial Results for the Period Ended September 30,2025",Q3 2025,Q3 2024,676666000,-480639000,89304000,0.85,33113000,https://apigateway.adx.ae/adx/cdn/1.0/content/download/4596339
UAB,2026-07-22 00:00:00.0,"United Arab Bank Financial Results for the Period Ended June 30,2026",Q2 2026,Q2 2025,784000000,-562000000,201000000,0.06,1205000000,https://apigateway.adx.ae/adx/cdn/1.0/content/download/5209959
UAB,2026-04-22 00:00:00.0,"United Arab Bank Financial Results for the Period Ended March 31,2026",Q1 2026,Q1 2025,423000000,-269000000,75000000,0.02,-791000000,https://apigateway.adx.ae/adx/cdn/1.0/content/download/4839630
UAB,2026-02-09 00:00:00.0,"United Arab Bank Financial Results for the Period Ended December 31,2025",2025,2024,1508000000,-1077000000,438000000,0.18,2153000000,https://apigateway.adx.ae/adx/cdn/1.0/content/download/4692437
UAB,2025-10-27 00:00:00.0,"United Arab Bank Financial Results for the Period Ended September 30,2025",Q3 2025,Q3 2024,1113000000,-801000000,316000000,0.14,-1269000000,https://apigateway.adx.ae/adx/cdn/1.0/content/download/4572886
WAHA,2026-07-28 00:00:00.0,"Waha Capital Company Financial Results for the Period Ended June 30,2026",Q2 2026,Q2 2025,478000000,-141000000,338000000,0.18,291000000,https://apigateway.adx.ae/adx/cdn/1.0/content/download/5223555
WAHA,2026-05-14 00:00:00.0,"Waha Capital Company Financial Results for the Period Ended March 31,2026",Q1 2026,Q1 2025,113000000,-56000000,57000000,0.03,186000000,https://apigateway.adx.ae/adx/cdn/1.0/content/download/4911823
WAHA,2026-02-16 00:00:00.0,"Waha Capital Company Financial Results for the Period Ended December 31,2025",2025,2024,1897000000,-615000000,1277000000,0.542,456000000,https://apigateway.adx.ae/adx/cdn/1.0/content/download/4702018
WAHA,2025-11-05 00:00:00.0,"Waha Capital Company Financial Results for the Period Ended September 30,2025",Q3 2025,Q3 2024,1084000000,-471000000,608000000,0.184,904000000,https://apigateway.adx.ae/adx/cdn/1.0/content/download/4586918
