report_id,published_on,analyst_name,broker,ticker,sector,rating,target_price,prev_target_price,target_change
652206,2026-09-09,양승윤,유진투자증권,,기계,,,,
652205,2026-09-09,"민경원,임환열",우리은행,,,,,,
652204,2026-09-08,이환욱,유안타증권,,,,,,
652203,2026-09-08,"황규원, 서석준",유안타증권,,화학,,,,
652201,2026-09-08,고선영,유안타증권,,"전기,전자",,,,
652200,2026-09-08,,유안타증권,,,,,,
652199,2026-09-08,sk증권 리서치센터,SK증권,,,,,,
652198,2026-09-08,최관순,SK증권,,코스피 200 에너지화학,,,,
652197,2026-09-08,투자분석부,IBK투자증권,,,,,,
652196,2026-09-08,"기간산업분석부, 혁신기업분석부",IBK투자증권,,,,,,
652195,2026-09-08,"이승훈, 박상준",IBK투자증권,,인터넷,,,,
652194,2026-09-08,"장호, 이상헌",iM증권,004170,,Buy,680000,,new
652193,2026-09-08,이상수,iM증권,,기계,,,,
652192,2026-09-08,성종화,LS증권,015760,,Buy,48000,52000,lowered
652191,2026-09-08,이재혁,LS증권,,코스피 200 조선운송,,,,
652190,2026-09-08,"백종석,김지은",한국IR협의회,170790,,투자의견없음,,,
652189,2026-09-08,이서연,상상인증권,,운송,,,,
652188,2026-09-08,"박세연,김예인",한화투자증권,,,,,,
652187,2026-09-08,"문경원,이동석",메리츠증권,,건설업,,,,
652186,2026-09-08,리서치센터,메리츠증권,,,,,,
652185,2026-09-08,리서치센터,대신증권,,,,,,
652184,2026-09-08,"양승윤,임범수",유진투자증권,,운송,,,,
652183,2026-09-08,황성현,유진투자증권,,화학,,,,
652182,2026-09-08,양승윤,유진투자증권,,기계,,,,
652181,2026-09-08,"민경원,임환열",우리은행,,,,,,
652180,2026-09-07,"김승준,이금민",한국IR협의회,086820,,투자의견없음,,,
652179,2026-09-07,최규호,한화투자증권,,,,,,
652177,2026-09-07,김윤상,iM증권,,철강및금속,,,,
652176,2026-09-07,투자분석부,IBK투자증권,,,,,,
652175,2026-09-07,기간산업분석부・혁신기업분석부,IBK투자증권,,,,,,
652174,2026-09-07,이현욱,IBK투자증권,,운송장비·부품,,,,
652173,2026-09-07,"이승훈, 박상준",IBK투자증권,,인터넷,,,,
652172,2026-09-07,SK증권리서치센터,SK증권,,,,,,
652171,2026-09-07,신윤정,SK증권,,,,,,
652170,2026-09-07,조준기,SK증권,,,,,,
652169,2026-09-07,형권훈,SK증권,090430,,매수,180000,180000,held
652168,2026-09-07,양승수,메리츠증권,441270,,Buy,13000,12000,raised
652167,2026-09-07,양승수,메리츠증권,,IT H/W,,,,
652165,2026-09-07,형권훈,SK증권,257720,,매수,62000,57000,raised
652164,2026-09-07,"이승훈,박민서",메리츠증권,,,,,,
652163,2026-09-07,"김정욱,황홍진",메리츠증권,,음식료품,,,,
652162,2026-09-07,형권훈,SK증권,192820,,매수,350000,250000,raised
652161,2026-09-07,형권훈,SK증권,278470,,매수,560000,560000,held
652160,2026-09-07,"이경연,이채리",대신증권,,,,,,
652159,2026-09-07,형권훈,SK증권,161890,,매수,180000,170000,raised
652158,2026-09-07,리서치센터,대신증권,,,,,,
652157,2026-09-07,이환욱,유안타증권,,,,,,
652156,2026-09-07,리서치센터,유안타증권,,,,,,
652155,2026-09-07,리서치센터,유안타증권,,,,,,
652154,2026-09-07,김용민,유안타증권,,운송,,,,
652153,2026-09-07,,유안타증권,,,,,,
652152,2026-09-07,성종화,LS증권,,"전기,전자",,,,
652151,2026-09-07,최관순,SK증권,,코스피 200 에너지화학,,,,
652150,2026-09-07,최관순,SK증권,,코스피 200 에너지화학,,,,
652149,2026-09-07,나승두,SK증권,,코스닥지수,,,,
652148,2026-09-07,형권훈,SK증권,,코스피 200 필수소비재,,,,
652147,2026-09-07,양승윤,유진투자증권,,기계,,,,
652146,2026-09-07,"류태환,조유진",유진투자증권,,건설업,,,,
652145,2026-09-07,한병화,유진투자증권,,코스피 200 에너지화학,,,,
652144,2026-09-07,황성현,유진투자증권,,코스피 200 에너지화학,,,,
652143,2026-09-07,"민경원,임환열",우리은행,,,,,,
652142,2026-09-04,"정수현,채윤석",한국IR협의회,265740,,투자의견없음,,,
652141,2026-09-04,투자전략팀,상상인증권,,,,,,
652140,2026-09-04,엄수진,한화투자증권,,,,,,
652139,2026-09-04,박제인,한화투자증권,,,,,,
652138,2026-09-04,박세연,한화투자증권,,,,,,
652137,2026-09-04,"김소혜,김나우",한화투자증권,286940,,Buy,30000,,new
652136,2026-09-04,투자전략팀,한화투자증권,,,,,,
652135,2026-09-04,김예슬,IBK투자증권,,,,,,
652134,2026-09-04,투자분석부,IBK투자증권,,,,,,
652133,2026-09-04,"정용택, 김희주",IBK투자증권,,,,,,
652132,2026-09-04,"기간산업분석부, 혁신기업분석부",IBK투자증권,,,,,,
652131,2026-09-04,"이승훈, 박상준",IBK투자증권,,인터넷,,,,
652130,2026-09-04,이동욱,IBK투자증권,,,,,,
652129,2026-09-04,이환욱,유안타증권,,,,,,
652128,2026-09-04,리서치센터,유안타증권,,,,,,
652127,2026-09-04,최관순,SK증권,,,,,,
652126,2026-09-04,최관순,SK증권,,코스피 200 에너지화학,,,,
652125,2026-09-04,sk증권 리서치센터,SK증권,,,,,,
652124,2026-09-04,양승수,메리츠증권,148150,,Buy,6500,6500,held
652123,2026-09-04,이지니,대신증권,028670,,N/A,8000,,new
652122,2026-09-04,"박혜진,권용수",대신증권,005830,,Buy,250000,,new
652121,2026-09-04,리서치센터,대신증권,,,,,,
652120,2026-09-04,이재일,유진투자증권,,운송,,,,
652119,2026-09-04,양승윤,유진투자증권,,기계,,,,
652118,2026-09-04,정의훈,유진투자증권,,기계,,,,
652117,2026-09-04,이재일,유진투자증권,,운송,,,,
652116,2026-09-04,"민경원,임환열",우리은행,,,,,,
652115,2026-09-03,김예슬,IBK투자증권,,,,,,
652114,2026-09-03,투자분석부,IBK투자증권,,,,,,
652113,2026-09-03,"기간산업분석부, 혁신기업분석부",IBK투자증권,,,,,,
652112,2026-09-03,"이승훈, 박상준",IBK투자증권,,인터넷,,,,
652111,2026-09-03,이동욱,IBK투자증권,,,,,,
652110,2026-09-03,SK증권 리서치센터,SK증권,,,,,,
652109,2026-09-03,최관순,SK증권,,코스피 200 에너지화학,,,,
652108,2026-09-03,박제민,SK증권,,반도체,,,,
652107,2026-09-03,이동주,SK증권,004990,,매수,33000,,new
652106,2026-09-03,이환욱,유안타증권,,,,,,
652105,2026-09-03,"권명준,서석준",유안타증권,,반도체,,,,
652104,2026-09-03,"최현재, 이안나",유안타증권,,,,,,
652103,2026-09-03,성종화,LS증권,062040,,Buy,290000,215000,raised
652102,2026-09-03,홍성기,LS증권,,전기가스업,,,,
652101,2026-09-03,최예찬,상상인증권,,,,,,
652100,2026-09-03,투자전략팀,상상인증권,,,,,,
652099,2026-09-03,안현국,한화투자증권,,,,,,
652098,2026-09-03,김성래,한화투자증권,,운송,,,,
652096,2026-09-03,양승수,메리츠증권,007810,,Buy,90000,95000,lowered
652095,2026-09-03,이진아,메리츠증권,,,,,,
652094,2026-09-03,홍가혜,대신증권,196170,,Buy,450000,410000,raised
652093,2026-09-03,리서치센터,대신증권,,,,,,
652092,2026-09-03,양승윤,유진투자증권,,기계,,,,
652091,2026-09-03,"민경원,임환열",우리은행,,,,,,
652090,2026-09-02,"고의영,박정하",iM증권,009150,,Buy,2000000,2300000,lowered
652089,2026-09-02,투자분석부,IBK투자증권,,,,,,
652088,2026-09-02,이현욱,IBK투자증권,,운송,,,,
652087,2026-09-02,기간산업분석부・혁신기업분석부,IBK투자증권,,,,,,
652086,2026-09-02,"이승훈, 박상준",IBK투자증권,,인터넷,,,,
652085,2026-09-02,"김운호, 고혁진",IBK투자증권,,,,,,
652084,2026-09-02,이동욱,IBK투자증권,,,,,,
652083,2026-09-02,sk증권 리서치센터,SK증권,,,,,,
652082,2026-09-02,장영임,SK증권,,증권,,,,
652081,2026-09-02,전배승,LS증권,,증권,,,,
652080,2026-09-02,이병근,LS증권,,운송,,,,
652079,2026-09-02,이병,LS증권,,반도체,,,,
652078,2026-09-02,박지빈,LS증권,,제조업,,,,
652077,2026-09-02,"이승은, 조계철",유안타증권,192820,,Buy,363000,,new
652076,2026-09-02,이환욱,유안타증권,,,,,,
652075,2026-09-02,이승웅,유안타증권,,반도체,,,,
652074,2026-09-02,이승웅,유안타증권,,통신업,,,,
652073,2026-09-02,"채윤석,정수현",한국IR협의회,027710,,투자의견없음,,,
652072,2026-09-02,김경태,상상인증권,,금융업,,,,
652070,2026-09-02,투자전략팀,상상인증권,,,,,,
652069,2026-09-02,"박준영,김나우",한화투자증권,,반도체,,,,
652068,2026-09-02,박유진,한화투자증권,,,,,,
652067,2026-09-02,권지우,한화투자증권,,철강및금속,,,,
652066,2026-09-02,"조아해,공건희",메리츠증권,,금융업,,,,
652065,2026-09-02,양승수,메리츠증권,009150,,투자의견없음,,,
652064,2026-09-02,"문경원,이동석",메리츠증권,126340,,투자의견없음,,,
652063,2026-09-02,김진형,대신증권,,반도체,,,,
652062,2026-09-02,리서치센터,대신증권,,,,,,
652061,2026-09-02,양승윤,유진투자증권,,기계,,,,
652060,2026-09-02,양승윤,유진투자증권,,기계,,,,
652059,2026-09-02,양승윤,유진투자증권,,기계,,,,
652058,2026-09-02,이해니,유진투자증권,,코스피 200 자유소비재,,,,
652057,2026-09-02,"민경원,임환열",우리은행,,,,,,
652056,2026-09-01,리서치센터,LS증권,,반도체,,,,
652055,2026-09-01,리서치센터,LS증권,,반도체,,,,
652054,2026-09-01,이재광,LS증권,,기계,,,,
652053,2026-09-01,정경희,LS증권,,"전기,전자",,,,
652052,2026-09-01,정경희,LS증권,,"전기,전자",,,,
652051,2026-09-01,투자전략팀,상상인증권,,,,,,
652050,2026-09-01,전유진,iM증권,096770,,Buy,190000,190000,held
652049,2026-09-01,정원석,iM증권,,"전기,전자",,,,
652048,2026-09-01,투자분석부,IBK투자증권,,,,,,
652047,2026-09-01,"이승훈, 박상준",IBK투자증권,,인터넷,,,,
652046,2026-09-01,기간산업분석부・혁신기업분석부,IBK투자증권,,,,,,
652045,2026-09-01,이동욱,IBK투자증권,,코스피 200 에너지화학,,,,
652044,2026-09-01,sk증권 리서치센터,SK증권,,,,,,
652043,2026-09-01,이환욱,유안타증권,,,,,,
652042,2026-09-01,최관순,SK증권,,코스피 200 에너지화학,,,,
652041,2026-09-01,허선재,SK증권,0039P0,,매수,14500,,new
652040,2026-09-01,"최현재, 이안나",유안타증권,,,,,,
652039,2026-09-01,신승윤,한화투자증권,,,,,,
652038,2026-09-01,박세연,한화투자증권,,,,,,
652037,2026-09-01,이승훈,메리츠증권,,,,,,
652036,2026-09-01,양승수,메리츠증권,353200,,Buy,180000,170000,raised
652035,2026-09-01,"문경원,이동석",메리츠증권,,건설업,,,,
652034,2026-09-01,리서치센터,대신증권,,,,,,
652033,2026-09-01,리서치센터,대신증권,,,,,,
652032,2026-09-01,양승윤,유진투자증권,,기계,,,,
652031,2026-09-01,양승윤,유진투자증권,,기계,,,,
652030,2026-09-01,박재환,유진투자증권,,,,,,
652029,2026-09-01,황성현,유진투자증권,,코스피 200 에너지화학,,,,
652028,2026-09-01,"민경원,임환열",우리은행,,,,,,
652027,2026-08-31,김윤상,iM증권,,철강및금속,,,,
652026,2026-08-31,"고의영,박정하",iM증권,,일반전기전자,,,,
652025,2026-08-31,투자분석부,IBK투자증권,,,,,,
652024,2026-08-31,"기간산업분석부, 혁신기업분석부",IBK투자증권,,,,,,
652023,2026-08-31,"이승훈, 박상준",IBK투자증권,,인터넷,,,,
652022,2026-08-31,sk증권 리서치센터,SK증권,,,,,,
652021,2026-08-31,조준기,SK증권,,,,,,
652020,2026-08-31,최관순,SK증권,,코스피 200 에너지화학,,,,
652019,2026-08-31,최관순,SK증권,034730,,매수,800000,800000,held
652018,2026-08-31,이환욱,유안타증권,,,,,,
652017,2026-08-31,리서치센터,유안타증권,,,,,,
652016,2026-08-31,이재형,유안타증권,,,,,,
652015,2026-08-31,"최현재, 이안나",유안타증권,,,,,,
652014,2026-08-31,전배승,LS증권,005830,,Buy,230000,210000,raised
652013,2026-08-31,"이나연,권지승",한국IR협의회,092190,,투자의견없음,,,
652012,2026-08-31,김도하,한화투자증권,005830,,Buy,260000,152000,raised
652009,2026-08-31,양승수,메리츠증권,,일반전기전자,,,,
652008,2026-08-31,"정지수,박건영",메리츠증권,,통신업,,,,
652007,2026-08-31,"이효진,김수민",메리츠증권,,인터넷,,,,
652005,2026-08-31,"이효진,김수민",메리츠증권,,오락·문화,,,,
652003,2026-08-31,"김정욱,황홍진",메리츠증권,,음식료품,,,,
652001,2026-08-31,"김정욱,황홍진",메리츠증권,,음식료품,,,,
652000,2026-08-31,홍가혜,대신증권,207940,,Buy,2000000,2000000,held
651999,2026-08-31,리서치센터,대신증권,,,,,,
651998,2026-08-31,"류태환,조유진",유진투자증권,,건설업,,,,
651997,2026-08-31,황성현,유진투자증권,,코스피 200 에너지화학,,,,
651996,2026-08-31,한병화,유진투자증권,,운송,,,,
651995,2026-08-31,"민경원,임환열",우리은행,,,,,,
651994,2026-08-28,"최현재, 이안나",유안타증권,,,,,,
651993,2026-08-28,"황규원,서석준",유안타증권,010950,,Buy,205000,,new
651992,2026-08-28,기간산업분석부・혁신기업분석부,IBK투자증권,,,,,,
651991,2026-08-28,"이승훈, 박상준",IBK투자증권,,인터넷,,,,
651990,2026-08-28,"권지승,이나연",한국IR협의회,159010,,투자의견없음,,,
651989,2026-08-28,이동욱,IBK투자증권,,,,,,
651988,2026-08-28,"김선호,홍소현",한국IR협의회,0015S0,,투자의견없음,,,
651987,2026-08-28,"박선영,정수현",한국IR협의회,318060,,투자의견없음,,,
651986,2026-08-28,"백종석,김지은",한국IR협의회,234030,,투자의견없음,,,
651985,2026-08-28,투자분석부,IBK투자증권,,,,,,
651984,2026-08-28,"조영환,김혜인",한국IR협의회,408920,,투자의견없음,,,
651983,2026-08-28,김예슬,IBK투자증권,,,,,,
651982,2026-08-28,투자전략팀,한화투자증권,,,,,,
651981,2026-08-28,송유림,한화투자증권,123890,,Buy,3700,3100,raised
651980,2026-08-28,최관순,SK증권,,코스피 200 에너지화학,,,,
651979,2026-08-28,나승,SK증권,,코스피 200 에너지화학,,,,
651978,2026-08-28,양승수,메리츠증권,000150,,투자의견없음,,2400000,
651977,2026-08-28,sk증권 리서치센터,SK증권,,,,,,
651976,2026-08-28,허민호,대신증권,006260,,Buy,630000,630000,held
651975,2026-08-28,리서치센터,대신증권,,,,,,
651974,2026-08-28,정의훈,유진투자증권,,기계,,,,
651973,2026-08-28,양승윤,유진투자증권,,기계,,,,
651972,2026-08-28,"민경원,임환열",우리은행,,,,,,
651971,2026-08-27,"김준성,배현서",메리츠증권,,,,,,
651970,2026-08-27,양승수,메리츠증권,172670,,Not Rated,,,
651969,2026-08-27,양승수,메리츠증권,085910,,Not Rated,,,
651968,2026-08-27,"김준영, 김현비",메리츠증권,326030,,Buy,,,
651967,2026-08-27,최설화,메리츠증권,,,,,,
651966,2026-08-27,최설화,메리츠증권,,,,,,
651965,2026-08-27,황수욱,메리츠증권,,,,,,
651964,2026-08-27,"이경민, 김귀연",대신증권,,,,,,
651963,2026-08-27,"민경원, 임환열",우리은행,,,,,,
651962,2026-08-27,변준호,IBK투자증권,,,,,,
651961,2026-08-27,투자분석부,IBK투자증권,,,,,,
651960,2026-08-27,김예슬,IBK투자증권,,,,,,
651959,2026-08-27,"김운호, 고혁진",IBK투자증권,,,,,,
651958,2026-08-27,"기간산업분석부, 혁신기업분석부",IBK투자증권,,,,,,
651957,2026-08-27,"이승훈, 박상준",IBK투자증권,,인터넷,,,,
651955,2026-08-27,이동욱,IBK투자증권,,,,,,
651954,2026-08-27,sk증권 리서치센터,SK증권,,,,,,
651953,2026-08-27,최관순,SK증권,,코스피 200 에너지화학,,,,
651952,2026-08-27,박지빈,LS증권,,금융,,,,
651951,2026-08-27,홍성기,LS증권,,,,,,
651950,2026-08-27,이환욱,유안타증권,,,,,,
651949,2026-08-27,"최현재, 이안나",유안타증권,,,,,,
651948,2026-08-27,정우성,LS증권,,반도체,,,,
651947,2026-08-27,전배승,LS증권,032830,,Buy,420000,380000,raised
651946,2026-08-27,이병근,LS증권,005380,,Buy,720000,720000,held
651945,2026-08-27,정경희,LS증권,,화학,,,,
651944,2026-08-27,이선경,SK증권,326030,,매수,160000,160000,held
651943,2026-08-27,나승두,SK증권,178320,,매수,55000,55000,held
651942,2026-08-27,정경희,LS증권,096770,,Hold,126000,126000,held
651941,2026-08-27,이상수,iM증권,005380,,Buy,650000,650000,held
651940,2026-08-26,sk증권 리서치센터,SK증권,,,,,,
651939,2026-08-26,박제민,SK증권,,반도체,,,,
651938,2026-08-26,최관순,SK증권,,코스피 200 에너지화학,,,,
651937,2026-08-26,형권훈,SK증권,,제조업,,,,
651936,2026-08-26,"박형우, 정영환",SK증권,020150,,매수,60000,60000,held
651935,2026-08-26,이승웅,유안타증권,,통신업,,,,
651934,2026-08-26,"최현재, 이안나",유안타증권,,,,,,
651933,2026-08-26,고의영,iM증권,222800,,Buy,185000,70000,raised
651932,2026-08-26,투자분석부,IBK투자증권,,,,,,
651931,2026-08-26,기간산업분석부・혁신기업분석부,IBK투자증권,,,,,,
651930,2026-08-26,"이승훈, 박상준",IBK투자증권,,인터넷,,,,
651929,2026-08-26,이동욱,IBK투자증권,,,,,,
651928,2026-08-26,정홍식,LS증권,025540,,Buy,90000,110000,lowered
651927,2026-08-26,박지빈,LS증권,,,,,,
651926,2026-08-26,"서진경,이금민",한국IR협의회,023910,,투자의견없음,,,
651925,2026-08-26,"김승준,이금민",한국IR협의회,293780,,투자의견없음,,,
651923,2026-08-26,양승수,메리츠증권,222800,,투자의견없음,,170000,
651922,2026-08-26,양승수,메리츠증권,355150,,Not Rated,,,
651921,2026-08-26,정해창,대신증권,,인터넷,,,,
651920,2026-08-26,리서치센터,대신증권,,,,,,
651919,2026-08-26,양승윤,유진투자증권,,기계,,,,
651918,2026-08-26,박종선,유진투자증권,290740,,nr,,,
651917,2026-08-26,"민경원,임환열",우리은행,,,,,,
651916,2026-08-25,"박성순,김지은",한국IR협의회,077360,,투자의견없음,,,
651915,2026-08-25,이달미,상상인증권,128940,,Buy,650000,650000,held
651914,2026-08-25,"박세연,김예인",한화투자증권,,,,,,
651913,2026-08-25,한유정,한화투자증권,051900,,Buy,316000,300000,raised
651912,2026-08-25,"박세연,김예인",한화투자증권,,,,,,
651911,2026-08-25,"김준영,김현비",메리츠증권,128940,,Buy,710000,690000,raised
651910,2026-08-25,황수욱,메리츠증권,,,,,,
651909,2026-08-25,"김정욱,황홍진",메리츠증권,,음식료품,,,,
651908,2026-08-25,류형근,대신증권,166090,,Buy,90000,106000,lowered
651907,2026-08-25,이지니,대신증권,011200,,Buy,29000,42000,lowered
651906,2026-08-25,"이경연,이채리",대신증권,,,,,,
651905,2026-08-25,허민호,대신증권,,코스피 200 에너지화학,,,,
651904,2026-08-25,리서치센터,대신증권,,,,,,
651903,2026-08-25,"민경원,임환열",우리은행,,,,,,
651902,2026-08-25,오린아,LS증권,,화학,,,,
651901,2026-08-25,정우성,LS증권,,반도체,,,,
651900,2026-08-25,"정홍식,권태훈",LS증권,,,,,,
651899,2026-08-25,투자분석부,IBK투자증권,,,,,,
651898,2026-08-25,이동욱,IBK투자증권,,,,,,
651897,2026-08-25,이동욱,IBK투자증권,,,,,,
651896,2026-08-25,이동욱,IBK투자증권,,,,,,
651895,2026-08-25,"이승훈, 박상준",IBK투자증권,,인터넷,,,,
651894,2026-08-25,"기간산업분석부, 혁신기업분석부",IBK투자증권,,,,,,
651893,2026-08-25,정이수,IBK투자증권,,,,,,
651892,2026-08-25,sk증권 리서치센터,SK증권,,,,,,
651891,2026-08-25,"고선영, 임석민",유안타증권,007660,,Buy,180000,180000,held
651890,2026-08-25,김용민,유안타증권,009540,,Buy,532000,,new
651889,2026-08-25,김용민,유안타증권,082740,,Buy,107000,,new
651888,2026-08-25,하현수,유안타증권,128940,,Buy,700000,360000,raised
651887,2026-08-25,이환욱,유안타증권,,,,,,
651886,2026-08-25,김용민,유안타증권,,코스피 200 조선운송,,,,
651885,2026-08-25,"최현재, 이안나",유안타증권,,,,,,
651884,2026-08-25,설용진,iM증권,,보험,,,,
651883,2026-08-25,설용진,iM증권,001450,,Buy,58000,58000,held
651882,2026-08-25,설용진,iM증권,005830,,Buy,220000,220000,held
651881,2026-08-24,투자분석부,IBK투자증권,,,,,,
651880,2026-08-24,"기간산업분석부, 혁신기업분석부",IBK투자증권,,,,,,
651879,2026-08-24,"이승훈, 박상준",IBK투자증권,,인터넷,,,,
651878,2026-08-24,이동욱,IBK투자증권,120110,,매수,100000,111000,lowered
651877,2026-08-24,이동욱,IBK투자증권,120110,,매수,100000,111000,lowered
651876,2026-08-24,이동욱,IBK투자증권,004000,,매수,86000,63000,raised
651875,2026-08-24,이환욱,유안타증권,,,,,,
651874,2026-08-24,리서치센터,유안타증권,,,,,,
651873,2026-08-24,"최현재, 이안나",유안타증권,,,,,,
651872,2026-08-24,최관순,SK증권,,,,,,
651871,2026-08-24,리서치센터,SK증권,,,,,,
651870,2026-08-24,나승두,SK증권,,,,,,
651869,2026-08-24,신윤정,SK증권,,,,,,
651868,2026-08-24,조준기,SK증권,,,,,,
651867,2026-08-24,최관순,SK증권,028260,,매수,550000,450000,raised
651866,2026-08-24,"나민식, 고서영",SK증권,103590,,매수,124000,,new
651865,2026-08-24,"나민식, 고서영",SK증권,298040,,매수,4000000,,new
651864,2026-08-24,"나민식, 고서영",SK증권,267260,,매수,900000,,new
651863,2026-08-24,"나민식, 고서영",SK증권,,"전기,전자",,,,
651862,2026-08-24,"나민식, 고서영",SK증권,010120,,매수,310000,,new
651861,2026-08-24,"김소혜,김나우",한화투자증권,036570,,Buy,350000,350000,held
651860,2026-08-24,김도하,한화투자증권,032830,,Hold,363000,312000,raised
651858,2026-08-24,박세연,한화투자증권,,,,,,
651857,2026-08-24,황수욱,메리츠증권,,,,,,
651855,2026-08-24,"배기연,김현비",메리츠증권,,코스피 200 조선운송,,,,
651854,2026-08-24,양승수,메리츠증권,009150,,투자의견없음,,,
651853,2026-08-24,"이효진,김수민",메리츠증권,,인터넷,,,,
651852,2026-08-24,김동관,메리츠증권,083450,,투자의견없음,,,
651851,2026-08-24,"정지수,박건영",메리츠증권,,통신업,,,,
651850,2026-08-24,"김정욱,황홍진",메리츠증권,,음식료품,,,,
651849,2026-08-24,"김정욱,황홍진",메리츠증권,,음식료품,,,,
651848,2026-08-24,"이효진,김수민",메리츠증권,035720,,Hold,37000,52000,lowered
651847,2026-08-24,정재혁,메리츠증권,,철강및금속,,,,
651846,2026-08-24,"이경연,이채리",대신증권,000880,,Buy,163000,163000,held
651845,2026-08-24,리서치센터,대신증권,,,,,,
651844,2026-08-24,김세희,유진투자증권,,금융업,,,,
651843,2026-08-24,양승윤,유진투자증권,,기계,,,,
651842,2026-08-24,"류태환,조유진",유진투자증권,,건설업,,,,
651841,2026-08-24,황성현,유진투자증권,006400,,투자의견없음,,,
651840,2026-08-24,박종선,유진투자증권,452430,,nr,,,
651839,2026-08-24,박종선,유진투자증권,299030,,nr,,,
651838,2026-08-24,박종선,유진투자증권,079900,,N/A,48000,72000,lowered
651837,2026-08-24,정의훈,유진투자증권,035720,,Buy,58000,74000,lowered
651836,2026-08-24,한병화,유진투자증권,001530,,Buy,40000,40000,held
651835,2026-08-24,"민경원,임환열",우리은행,,,,,,
651834,2026-08-21,리서치센터,LS증권,,,,,,
651833,2026-08-21,정홍식,LS증권,036800,,Buy,10000,40000,lowered
651832,2026-08-21,정의훈,유진투자증권,,기계,,,,
651831,2026-08-21,양승윤,유진투자증권,,기계,,,,
651830,2026-08-21,"민경원,임환열",우리은행,,,,,,
651829,2026-08-20,"채윤석,정수현",한국IR협의회,013990,,N/A,,,
651828,2026-08-20,박유진,한화투자증권,,,,,,
651827,2026-08-20,안현국,한화투자증권,,반도체,,,,
651826,2026-08-20,김성래,한화투자증권,,운송,,,,
651825,2026-08-20,김예슬,IBK투자증권,,,,,,
651824,2026-08-20,투자분석부,IBK투자증권,,,,,,
651823,2026-08-20,양승수,메리츠증권,,IT부품,,,,
651822,2026-08-20,변준호,IBK투자증권,,,,,,
651821,2026-08-20,황수욱,메리츠증권,,,,,,
651820,2026-08-20,이상현,메리츠증권,,,,,,
651819,2026-08-20,"기간산업분석부, 혁신기업분석부",IBK투자증권,,,,,,
651818,2026-08-20,"이승훈, 박상준",IBK투자증권,,인터넷,,,,
651817,2026-08-20,리서치센터,대신증권,,,,,,
651816,2026-08-20,sk증권 리서치센터,SK증권,,,,,,
651815,2026-08-20,한동희,SK증권,,반도체,,,,
651814,2026-08-20,최관순,SK증권,,코스피 200 에너지화학,,,,
651813,2026-08-20,이환욱,유안타증권,,,,,,
651812,2026-08-20,"최현재, 이안나",유안타증권,,,,,,
651811,2026-08-20,리서치센터 투자전략실,LS증권,,,,,,
651810,2026-08-20,홍성기,LS증권,,,,,,
651809,2026-08-20,정재원,iM증권,006280,,Buy,180000,220000,lowered
651808,2026-08-20,신희철,iM증권,178320,,Buy,68000,77000,lowered
651807,2026-08-20,강민구,IBK투자증권,171090,,매수,141000,141000,held
651806,2026-08-20,정홍식,LS증권,228850,,Buy,9000,9000,held
651805,2026-08-20,양승윤,유진투자증권,,,,,,
651804,2026-08-20,박종선,유진투자증권,294570,,nr,,,
651803,2026-08-20,박종선,유진투자증권,122450,,nr,,,
651802,2026-08-20,"민경원,임환열",우리은행,,,,,,
651801,2026-08-19,선유진,LS증권,,소프트웨어,,,,
651800,2026-08-19,이상수,iM증권,,기계,,,,
651799,2026-08-19,투자분석부,IBK투자증권,,,,,,
651798,2026-08-19,"기간산업분석부, 혁신기업분석부",IBK투자증권,,,,,,
651797,2026-08-19,"이승훈, 박상준",IBK투자증권,,인터넷,,,,
651796,2026-08-19,sk증권 리서치센터,SK증권,,,,,,
651795,2026-08-19,박제민,SK증권,,반도체,,,,
651794,2026-08-19,형권훈,SK증권,,화학,,,,
651793,2026-08-19,최관순,SK증권,,코스피 200 에너지화학,,,,
651792,2026-08-19,이환욱,유안타증권,,,,,,
651791,2026-08-19,이환욱,유안타증권,,오락·문화,,,,
651790,2026-08-19,이승웅,유안타증권,,통신업,,,,
651789,2026-08-19,"최현재, 이안나",유안타증권,,,,,,
651788,2026-08-19,정홍식,LS증권,063570,,Buy,5000,7000,lowered
651787,2026-08-19,정홍식,LS증권,108380,,Buy,30000,35000,lowered
651786,2026-08-19,신희철,iM증권,189300,,Buy,110000,89000,raised
651785,2026-08-19,김윤상,iM증권,084010,,Buy,9600,13000,lowered
651784,2026-08-19,이상수,iM증권,108490,,Buy,400000,,new
651783,2026-08-19,이상수,iM증권,058610,,Buy,160000,160000,held
651782,2026-08-19,이상수,iM증권,277810,,Buy,650000,915000,lowered
651781,2026-08-19,정재원,iM증권,000100,,Buy,140000,150000,lowered
651780,2026-08-18,"고의영, 박정하",iM증권,,"전기,전자",,,,
651779,2026-08-18,김윤상,iM증권,,철강및금속,,,,
651778,2026-08-18,투자분석부,IBK투자증권,,,,,,
651777,2026-08-18,"기간산업분석부, 혁신기업분석부",IBK투자증권,,,,,,
651776,2026-08-18,"이승훈, 박상준",IBK투자증권,,인터넷,,,,
651775,2026-08-18,이건재,IBK투자증권,122900,,매수,13000,12000,raised
651774,2026-08-18,sk증권 리서치센터,SK증권,,,,,,
651773,2026-08-18,신윤정,SK증권,,,,,,
651772,2026-08-18,조준기,SK증권,,,,,,
651771,2026-08-18,조준기,SK증권,,,,,,
651770,2026-08-18,최관순,SK증권,,코스피 200 에너지화학,,,,
651769,2026-08-18,리서치센터,SK증권,,반도체,,,,
651768,2026-08-18,"고선영, 임석민",유안타증권,356860,,Buy,90000,150000,lowered
651767,2026-08-18,"손현정, 김고은",유안타증권,003230,,Buy,2000000,2000000,held
651766,2026-08-18,"손현정, 김고은",유안타증권,004370,,Buy,570000,530000,raised
651765,2026-08-18,"이승은, 조계철",유안타증권,214150,,Buy,50000,,new
651764,2026-08-18,"이승은, 조계철",유안타증권,257720,,Buy,56000,,new
651763,2026-08-18,"황규원, 서석준",유안타증권,120110,,Buy,96000,96000,held
651762,2026-08-18,이환욱,유안타증권,,,,,,
651761,2026-08-18,리서치센터,유안타증권,,,,,,
651760,2026-08-18,"최현재, 이안나",유안타증권,,,,,,
651759,2026-08-18,전배승,LS증권,,은행,,,,
651758,2026-08-18,박지빈,LS증권,,운송장비·부품,,,,
651757,2026-08-18,신희철,iM증권,420770,,Buy,155000,120000,raised
651756,2026-08-18,이상헌,iM증권,229640,,Buy,57000,37500,raised
651755,2026-08-18,이상헌,iM증권,009240,,Buy,52000,67000,lowered
651754,2026-08-18,설용진,iM증권,003690,,Buy,18000,16000,raised
651753,2026-08-18,설용진,iM증권,001450,,Buy,58000,40000,raised
651752,2026-08-18,정우성,LS증권,348210,,Buy,60000,,new
651751,2026-08-18,정우성,LS증권,330860,,Buy,52000,82000,lowered
651750,2026-08-18,정우성,LS증권,403870,,Buy,72000,,new
651749,2026-08-18,전배승,LS증권,001450,,Buy,58000,42000,raised
651748,2026-08-18,박성호,LS증권,004370,,Buy,570000,53000,raised
651747,2026-08-18,박성호,LS증권,003230,,Buy,1800000,1800000,held
651746,2026-08-18,정홍식,LS증권,023910,,Buy,40000,40000,held
651745,2026-08-18,정홍식,LS증권,040420,,Buy,9000,9000,held
651744,2026-08-18,정홍식,LS증권,036800,,Buy,40000,40000,held
651743,2026-08-18,정홍식,LS증권,130580,,Buy,7000,7000,held
651742,2026-08-18,정홍식,LS증권,131290,,Buy,400000,350000,raised
651741,2026-08-18,정홍식,LS증권,092130,,Buy,21000,21000,held
651740,2026-08-18,정홍식,LS증권,058470,,Buy,110000,150000,lowered
651739,2026-08-18,정홍식,LS증권,086450,,Buy,30000,30000,held
651738,2026-08-14,황지원,iM증권,035900,,Buy,60000,80000,lowered
651737,2026-08-14,배세호,iM증권,011200,,Hold,23000,23000,held
651736,2026-08-14,설용진,iM증권,000810,,Buy,740000,740000,held
651735,2026-08-14,설용진,iM증권,032830,,Buy,380000,380000,held
651734,2026-08-14,설용진,iM증권,005830,,Buy,220000,220000,held
651733,2026-08-14,리서치센터,IBK투자증권,,,,,,
651732,2026-08-14,투자분석부,IBK투자증권,,,,,,
651731,2026-08-14,"기간산업분석부, 혁신기업분석부",IBK투자증권,,,,,,
651730,2026-08-14,"이승훈, 박상준",IBK투자증권,,인터넷,,,,
651729,2026-08-14,SK증권 리서치센터,SK증권,,,,,,
651728,2026-08-14,조준기,SK증권,,,,,,
651727,2026-08-14,최관순,SK증권,,코스피 200 에너지화학,,,,
651726,2026-08-14,나승두,SK증권,,,,,,
651725,2026-08-14,이환욱,유안타증권,,,,,,
651724,2026-08-14,"최현재, 이안나",유안타증권,,,,,,
651723,2026-08-14,정경희,LS증권,,"전기,전자",,,,
651722,2026-08-14,오린아,LS증권,139480,,Buy,115000,105000,raised
651721,2026-08-14,리서치센터,LS증권,,,,,,
651720,2026-08-14,전배승,LS증권,005830,,Buy,210000,230000,lowered
651719,2026-08-14,전배승,LS증권,032830,,Buy,380000,360000,raised
651718,2026-08-14,전배승,LS증권,000810,,Buy,750000,650000,raised
651717,2026-08-14,이재혁,LS증권,011200,,Buy,30000,30000,held
651716,2026-08-14,정홍식,LS증권,093520,,Buy,33000,33000,held
651715,2026-08-14,정홍식,LS증권,030190,,Buy,20000,20000,held
651714,2026-08-14,이동주,SK증권,095610,,매수,230000,230000,held
651713,2026-08-14,양승수,메리츠증권,,일반전기전자,,,,
651712,2026-08-14,양승수,메리츠증권,005690,,Not Rated,,,
651711,2026-08-14,"조아해,공건희",메리츠증권,005830,,Buy,220000,,new
651710,2026-08-14,이경연,대신증권,003550,,Buy,130000,130000,held
651709,2026-08-14,김진형,대신증권,482630,,Buy,23000,29000,lowered
651708,2026-08-14,"김귀연,박서영",대신증권,,운송,,,,
651707,2026-08-14,리서치센터,대신증권,,,,,,
651706,2026-08-14,정의훈,유진투자증권,,기계,,,,
651705,2026-08-14,양승윤,유진투자증권,,기계,,,,
651704,2026-08-14,정의훈,유진투자증권,095660,,매수,25000,28000,lowered
651703,2026-08-14,"이현지,고수영",유진투자증권,032350,,Buy,22000,32000,lowered
651702,2026-08-14,"민경원,임환열",우리은행,,,,,,
651701,2026-08-13,이병근,LS증권,089860,,Buy,51000,51000,held
651700,2026-08-13,전배승,LS증권,088350,,Buy,,5800,
651699,2026-08-13,전배승,LS증권,006800,,Hold,40000,57000,lowered
651698,2026-08-13,정홍식,LS증권,252990,,Buy,25000,,new
651697,2026-08-13,박성호,LS증권,035900,,Buy,74000,91000,lowered
651696,2026-08-13,오린아,LS증권,161890,,Buy,200000,98000,raised
651695,2026-08-13,성종화,LS증권,015760,,Buy,52000,62000,lowered
651694,2026-08-13,리서치센터,LS증권,,,,,,
651693,2026-08-13,박지빈,LS증권,,,,,,
651692,2026-08-13,"정원석, 박정하",iM증권,,"전기,전자",,,,
651691,2026-08-13,투자분석부,IBK투자증권,,,,,,
651690,2026-08-13,"기간산업분석부, 혁신기업분석부",IBK투자증권,,,,,,
651689,2026-08-13,"이승훈, 박상준",IBK투자증권,,인터넷,,,,
651688,2026-08-13,강민구,IBK투자증권,213420,,매수,69000,69000,held
651687,2026-08-13,김태현,IBK투자증권,030200,,매수,75000,75000,held
651686,2026-08-13,sk증권 리서치센터,SK증권,,,,,,
651685,2026-08-13,"최현재, 이안나",유안타증권,,,,,,
651684,2026-08-13,이환욱,유안타증권,,,,,,
651683,2026-08-13,최관순,SK증권,,코스피 200 에너지화학,,,,
651682,2026-08-13,한동희,SK증권,,반도체,,,,
651681,2026-08-13,형권훈,SK증권,161890,,매수,170000,140000,raised
651680,2026-08-13,안현국,한화투자증권,,,,,,
651679,2026-08-13,최규호,한화투자증권,,,,,,
651678,2026-08-13,"박준영,김나우",한화투자증권,095340,,Buy,210000,300000,lowered
651677,2026-08-13,박준형,SK증권,035900,,매수,66000,75000,lowered
651675,2026-08-13,"문경원,이동석",메리츠증권,100090,,Buy,25000,,new
651674,2026-08-13,"문경원,이동석",메리츠증권,015760,,Buy,57000,57000,held
651673,2026-08-13,장영임,SK증권,006800,,매수,42000,51000,lowered
651672,2026-08-13,"조아해,공건희",메리츠증권,088350,,Buy,6200,,new
651671,2026-08-13,김민영,메리츠증권,035900,,Buy,65000,98000,lowered
651670,2026-08-13,최관순,SK증권,030200,,매수,72000,72000,held
651669,2026-08-13,이환욱,유안타증권,035900,,Buy,60000,88000,lowered
651668,2026-08-13,한송협,대신증권,214150,,Buy,60000,81000,lowered
651667,2026-08-13,류형근,대신증권,,반도체,,,,
651666,2026-08-13,리서치센터,대신증권,,,,,,
651665,2026-08-13,최지운,유안타증권,192080,,Buy,84000,84000,held
651664,2026-08-13,"이승웅, 김고은",유안타증권,030200,,Buy,73000,73000,held
651663,2026-08-13,우도형,유안타증권,006800,,Buy,75000,93000,lowered
651662,2026-08-13,신희철,iM증권,030200,,Buy,70000,70000,held
651661,2026-08-13,고의영,iM증권,066570,,Buy,250000,165000,raised
651660,2026-08-13,"전유진, 장호",iM증권,015760,,Buy,48000,53000,lowered
651659,2026-08-13,설용진,iM증권,000370,,Buy,8000,8000,held
651658,2026-08-13,설용진,iM증권,138040,,Buy,147000,147000,held
651657,2026-08-13,설용진,iM증권,088350,,Buy,5900,5900,held
651656,2026-08-13,설용진,iM증권,006800,,Buy,42000,50000,lowered
651655,2026-08-13,양승윤,유진투자증권,,기계,,,,
651654,2026-08-13,이해니,유진투자증권,161890,,Buy,170000,120000,raised
651653,2026-08-13,한병화,유진투자증권,100090,,Buy,25000,27000,lowered
651652,2026-08-13,"이현지,고수영",유진투자증권,035900,,Buy,65000,78000,lowered
651651,2026-08-13,이찬영,유진투자증권,030200,,Buy,73000,73000,held
651650,2026-08-13,류태환,유진투자증권,006360,,Buy,48000,46000,raised
651649,2026-08-13,정의훈,유진투자증권,192080,,Buy,78000,78000,held
651648,2026-08-13,박종선,유진투자증권,214150,,Buy,67000,75000,lowered
651647,2026-08-13,황성현,유진투자증권,015760,,Buy,64000,92000,lowered
651646,2026-08-13,"민경원,임환열",우리은행,,,,,,
651645,2026-08-12,이진협,한화투자증권,031430,,Buy,22000,14000,raised
651644,2026-08-12,이진협,한화투자증권,004170,,Buy,690000,660000,raised
651643,2026-08-12,한유정,한화투자증권,251970,,Buy,78000,67000,raised
651642,2026-08-12,김성래,한화투자증권,161390,,Buy,96000,63000,raised
651641,2026-08-12,"이효진,김수민",메리츠증권,036570,,Buy,330000,330000,held
651639,2026-08-12,리서치센터,대신증권,,,,,,
651638,2026-08-12,양승윤,유진투자증권,,기계,,,,
651637,2026-08-12,이재일,유진투자증권,161390,,Buy,80000,80000,held
651636,2026-08-12,"이현지,고수영",유진투자증권,114090,,Buy,13000,16000,lowered
651635,2026-08-12,황성현,유진투자증권,078930,,Buy,138000,80000,raised
651634,2026-08-12,박종선,유진투자증권,043150,,Buy,31000,31000,held
651633,2026-08-12,정의훈,유진투자증권,036570,,Buy,380000,380000,held
651632,2026-08-12,박종선,유진투자증권,228850,,Buy,7800,7800,held
651631,2026-08-12,정의훈,유진투자증권,263750,,Buy,50000,72000,lowered
651630,2026-08-12,"민경원,임환열",우리은행,,,,,,
651629,2026-08-11,이재혁,LS증권,,운송,,,,
651628,2026-08-11,박성호,LS증권,122870,,Buy,69000,100000,lowered
651627,2026-08-11,박성호,LS증권,271560,,Buy,180000,170000,raised
651626,2026-08-11,성종화,LS증권,051600,,Buy,63000,70000,lowered
651625,2026-08-11,"고의영, 박정하",iM증권,222800,,Buy,185000,135000,raised
651624,2026-08-11,"조영환,김혜인",한국IR협의회,006730,,투자의견없음,,,
651623,2026-08-11,"박성순,김지은",한국IR협의회,144960,,투자의견없음,,,
651622,2026-08-11,최예찬,상상인증권,,철강및금속,,,,
651621,2026-08-11,투자전략팀,상상인증권,,,,,,
651620,2026-08-11,한유정,한화투자증권,241710,,Buy,130000,120000,raised
651619,2026-08-11,권지우,한화투자증권,010130,,Buy,1593000,,new
651618,2026-08-11,황지원,iM증권,041510,,Buy,120000,140000,lowered
651617,2026-08-11,"전유진, 장호",iM증권,071320,,Buy,135000,,new
651616,2026-08-11,투자분석부,IBK투자증권,,,,,,
651615,2026-08-11,"이승훈, 박상준",IBK투자증권,,인터넷,,,,
651614,2026-08-11,sk증권 리서치센터,SK증권,,,,,,
651613,2026-08-11,최관순,SK증권,,코스피 200 에너지화학,,,,
651612,2026-08-11,백종민,유안타증권,,,,,,
651611,2026-08-11,이환욱,유안타증권,,,,,,
651610,2026-08-11,고선영,유안타증권,,일반전기전자,,,,
651609,2026-08-11,"최현재, 이안나",유안타증권,,,,,,
651608,2026-08-11,"고선영, 임석민",유안타증권,195870,,Buy,75000,,new
651607,2026-08-11,"고선영, 임석민",유안타증권,353200,,Buy,180000,200000,lowered
651606,2026-08-11,"고선영, 임석민",유안타증권,009150,,Buy,2300000,2300000,held
651605,2026-08-11,"정지수,박건영",메리츠증권,253450,,Buy,43000,48000,lowered
651604,2026-08-11,"정지수,박건영",메리츠증권,035760,,Buy,62000,70000,lowered
651603,2026-08-11,이승훈,메리츠증권,,,,,,
651602,2026-08-11,허민호,대신증권,051600,,Buy,64000,64000,held
651601,2026-08-11,리서치센터,대신증권,,,,,,
651600,2026-08-11,양승윤,유진투자증권,,기계,,,,
651599,2026-08-11,황성현,유진투자증권,,코스피 200 에너지화학,,,,
651598,2026-08-11,박재환,유진투자증권,,반도체,,,,
651597,2026-08-11,황성현,유진투자증권,051600,,Buy,55000,67000,lowered
651596,2026-08-11,황성현,유진투자증권,036460,,Buy,59000,59000,held
651595,2026-08-11,황성현,유진투자증권,071320,,Buy,120000,120000,held
651594,2026-08-11,"민경원,임환열",우리은행,,,,,,
651593,2026-08-10,"백종석,김지은",한국IR협의회,054210,,투자의견없음,,,
651592,2026-08-10,"오정하,권지승",한국IR협의회,038500,,투자의견없음,,,
651591,2026-08-10,이진협,한화투자증권,021240,,Buy,160000,150000,raised
651590,2026-08-10,한유정,한화투자증권,280360,,Buy,170000,130000,raised
651589,2026-08-10,최규호,한화투자증권,,,,,,
651587,2026-08-10,양승수,메리츠증권,,반도체,,,,
651586,2026-08-10,"배기연,김현비",메리츠증권,,코스피 200 조선운송,,,,
651585,2026-08-10,"이승훈,박민서",메리츠증권,,,,,,
651583,2026-08-10,"김정욱,황홍진",메리츠증권,,음식료품,,,,
651582,2026-08-10,"김정욱,황홍진",메리츠증권,,음식료품,,,,
651581,2026-08-10,"정지수,박건영",메리츠증권,,통신업,,,,
651580,2026-08-10,"이효진,김수민",메리츠증권,,인터넷,,,,
651579,2026-08-10,"문경원,이동석",메리츠증권,036460,,Buy,54000,54000,held
651578,2026-08-10,홍가혜,대신증권,196170,,Buy,410000,,new
651577,2026-08-10,허민호,대신증권,052690,,Buy,160000,195000,lowered
651576,2026-08-10,유정현,대신증권,007070,,Buy,33000,30000,raised
651575,2026-08-10,유정현,대신증권,023530,,Buy,200000,130000,raised
651574,2026-08-10,리서치센터,대신증권,,,,,,
651573,2026-08-10,"류태환,조유진",유진투자증권,,코스피 200 에너지화학,,,,
651572,2026-08-10,황성현,유진투자증권,,코스피 200 에너지화학,,,,
651571,2026-08-10,박종선,유진투자증권,339770,,Buy,6300,6300,held
651570,2026-08-10,박종선,유진투자증권,234340,,Buy,30000,50000,lowered
651569,2026-08-10,박종선,유진투자증권,214180,,Buy,21000,28000,lowered
651568,2026-08-10,황성현,유진투자증권,112610,,Buy,80000,,new
651567,2026-08-10,황성현,유진투자증권,011780,,Buy,177000,177000,held
651566,2026-08-10,황성현,유진투자증권,011170,,Buy,106000,115000,lowered
651565,2026-08-10,"민경원,임환열",우리은행,,,,,,