sector,source_industry_ksic,company_en,ticker,lead_or_other,market_cap_krw,employees,avg_annual_pay_krw,avg_tenure_years,female_to_male_pay_pct,female_share_pct,market_cap_per_employee_krw
Information Technology,"Electronics and telecom equipment","SAMSUNG ELECTRONICS CO,.LTD",005930,주도주,1438184537568000,128881,157064509,13.73,77.8,26.9,11159011317
Information Technology,"Electronics and telecom equipment","SK hynix Inc.",000660,기타,1218461264820000,34549,185004892,13.43,80.3,33.3,35267627567
Information Technology,"Electronics and telecom equipment","SAMSUNG ELECTRO-MECHANICS CO.,LTD",009150,기타,101284651776000,12173,109530108,15.76,80,23.8,8320434714
Information Technology,"Electronics and telecom equipment","LG ELECTRONICS INC.",066570,기타,29237792521000,34144,117590675,13.76,77.9,16.3,856308356
Information Technology,"Electronics and telecom equipment","DOOSAN CO.,LTD",000150,기타,20404232100000,1749,134630646,13.66,61.5,19.1,11666227616
Information Technology,"Computer programming","SAMSUNG SDS CO., LTD.",018260,기타,17835582900000,11219,138288172,17.2,82.8,26.8,1589765835
Information Technology,"Electronics and telecom equipment","LG INNOTEK CO., LTD.",011070,기타,14223931307000,12211,92627877,9.42,77.6,17,1164845738
Information Technology,"Electronics and telecom equipment","HANWHA SYSTEMS Co., Ltd.",272210,기타,13677763763600,4855,107586406,10.57,78,16,2817253092
Information Technology,"Computer programming","LG CNS Co., Ltd.",064400,기타,7101739988400,6890,115748911,12.89,83.5,26.3,1030731493
Information Technology,"Electronics and telecom equipment","ISUPETASYS CO.,LTD",007660,기타,6217760849300,1368,98486980,12.45,89.2,6.9,4545146820
Information Technology,"Electronics and telecom equipment","DAEDUCK ELECTRONICS CO.,LTD",353200,기타,5253019127500,2633,81525256,9.84,78.6,13.7,1995069931
Information Technology,"Electronics and telecom equipment","LEENO Industrial Inc",058470,기타,5098572765000,677,117014294,9.34,62.9,55.5,7531126684
Information Technology,"Electronics and telecom equipment","LG Display Co., Ltd.",034220,기타,4900000000000,24430,85864347,14.93,75.3,14.3,200573066
Information Technology,"Electronics and telecom equipment","DB HiTek Co.,LTD",000990,기타,3915412920000,2221,93215218,10.29,58.3,45.4,1762905412
Information Technology,"Electronics and telecom equipment","SIMMTECH Co., Ltd.",222800,기타,3858784893000,2902,59982679,9.45,81.4,17.7,1329698447
Information Technology,"Electronics and telecom equipment","FADU INC.",440110,기타,3332383295500,287,118240418,3.58,56.2,22,11611091622
Information Technology,"Electronics and telecom equipment","Jeju Semiconductor Corp.",080220,기타,2600433891500,139,93115108,8.62,69.1,12.9,18708157493
Information Technology,"Electronics and telecom equipment","Hanwha Vision CO.,LTD",489790,기타,2473931110000,1060,122524528,11.72,74.4,19.6,2333897274
Information Technology,"Electronics and telecom equipment","HanaMicronInc.",067310,기타,2121058721100,771,62937743,7.78,92.3,41.2,2751048925
Information Technology,"Electronics and telecom equipment","LOTTE ENERGY MATERIALS CORPORATION",020150,기타,1636420718750,591,71803723,13.77,70.3,10,2768901385
Information Technology,"Electronics and telecom equipment","HD HYUNDAI ENERGY SOLUTIONS CO.,LTD.",322000,기타,1522080000000,238,89889483,10.01,56.8,15.5,6395294118
Information Technology,"Electronics and telecom equipment","RFHIC CORPORATION",218410,기타,1389895616600,334,63740383,7.49,65.7,23.4,4161364122
Information Technology,"Electronics and telecom equipment","SUNGHO ELECTRONICS CORP.",043260,기타,1363093687000,86,50354860,6.18,72.6,22.1,15849926593
Information Technology,"Electronics and telecom equipment","DaejooElectronicMaterialsCo.,Ltd.",078600,기타,1341133385200,357,68683473,6.87,85.7,13.2,3756676149
Information Technology,"Electronics and telecom equipment","KOREA CIRCUIT CO.,LTD",007810,기타,1328637148000,1306,56843798,4.15,82.8,11.6,1017333191
Information Technology,"Electronics and telecom equipment","Hana Materials Inc.",166090,기타,1105571976600,717,76800558,5.93,75.9,11.6,1541941390
Information Technology,"Electronics and telecom equipment","S&S TECH CORPORATION",101490,기타,941934907850,311,58890675,5.71,73.8,13.2,3028729607
Information Technology,"Electronics and telecom equipment","HAESUNG DS Co.,Ltd.",195870,기타,887400000000,1354,79435746,6.19,82.9,18.3,655391433
Information Technology,"Electronics and telecom equipment","JNTC CO.,LTD.",204270,기타,878718198540,264,55897727,9.84,71.8,18.9,3328478025
Information Technology,"Electronics and telecom equipment","SFA Semicon Co., Ltd",036540,기타,861771987720,584,57857877,8.18,79.4,39.6,1475636965
Information Technology,"Electronics and telecom equipment","SAMWHA CAPACITOR CO.,LTD",001820,기타,839916000000,658,62937485,7.51,91.5,20.8,1276468085
Information Technology,"Electronics and telecom equipment","LS Materials Co.,Ltd.",417200,기타,811831908000,122,49934426,6.51,65.4,11.5,6654359902
Information Technology,"Electronics and telecom equipment","SEMCNS Co., Ltd.",252990,기타,800897923700,307,53664495,2.82,80.4,30.6,2608788025
Information Technology,"Electronics and telecom equipment","DUK SAN NEOLUX CO.,LTD",213420,기타,787148374300,294,58071429,4.47,85,21.4,2677375423
Information Technology,"Electronics and telecom equipment","CMTX Co.,Ltd.",388210,기타,762700602000,269,57141264,1.8,83.1,18.6,2835318223
Information Technology,"Electronics and telecom equipment","INTELLIAN TECHNOLOGIES Inc.",189300,기타,753772289400,500,70694000,5.02,72.3,10.2,1507544579
Information Technology,"Electronics and telecom equipment","KMW CO. LTD.",032500,기타,721056170090,69,50434783,14.82,82.7,17.4,10450089422
Information Technology,"Electronics and telecom equipment","SOLUM CO., LTD.",248070,기타,706723968080,504,71071429,5.11,69.7,21.4,1402230095
Information Technology,"Electronics and telecom equipment","Pharmicell Co.,Ltd.",005690,기타,685245839880,186,71661290,5.34,61.1,22.6,3684117419
Information Technology,"Electronics and telecom equipment","DONGWOON ANATECH CO.,LTD.",094170,기타,669117952000,203,94802192,4.57,60.2,22.7,3296147547
Information Technology,"Electronics and telecom equipment","Solid, Inc.",050890,기타,611818297380,333,76855856,5.13,71.6,18,1837292184
Information Technology,"Electronics and telecom equipment","SAMJI ELECTRONICS CO., LTD.",037460,기타,584203087600,124,64338710,6.58,59.2,13.7,4711315223
Information Technology,"Electronics and telecom equipment","JAHWA ELECTRONICS CO.,LTD",033240,기타,579027453600,1585,52852703,4.42,76.3,29,365317005
Information Technology,"Electronics and telecom equipment","LX Semicon Co., Ltd.",108320,기타,576569435000,1417,97688779,6.49,68.3,19.1,406894450
Information Technology,"Electronics and telecom equipment","GAONCHIPS CO., LTD.",399720,기타,570410396400,261,79770115,3.84,72.6,18.4,2185480446
Information Technology,"Electronics and telecom equipment","SEOUL SEMICONDUCTOR CO., LTD.",046890,기타,545738544000,162,49518519,8.18,38.5,40.7,3368756444
Information Technology,"Electronics and telecom equipment","MiCo Ltd.",059090,기타,545361816960,207,56859903,4.39,71,25.6,2634598150
Information Technology,"Computer programming","ITCENGLOBAL CO.,LTD.",124500,기타,544146158150,164,67207012,3.39,74.6,21.3,3317964379
Information Technology,"Electronics and telecom equipment","Solus Advanced Materials Co. Ltd.",336370,기타,495734448640,198,94621212,4.14,72.2,25.8,2503709337
Information Technology,"Electronics and telecom equipment","BHCo.,Ltd.",090460,기타,495222493220,1370,56500730,5.63,86.4,31.2,361476272
Information Technology,"Electronics and telecom equipment","i3system Inc.",214430,기타,485929797500,507,67087266,7.57,88.1,9.1,958441415
Information Technology,"Electronics and telecom equipment","WORLDEXINDUSTRY&TRADINGCO.,LTD",101160,기타,477993247350,399,57495810,5.08,84.3,23.8,1197978064
Information Technology,"Electronics and telecom equipment","TIGER ELEC CO.,LTD.",219130,기타,461574599000,246,48394585,4.42,84.1,19.5,1876319508
Information Technology,"Electronics and telecom equipment","FINE SEMITECH Corp.",036810,기타,456810547900,855,54810526,5.21,84.5,35.4,534281343
Information Technology,"Electronics and telecom equipment","DUKSANHIMETALCO.,LTD.",077360,기타,444373879560,299,71448161,4.68,78.1,9.7,1486200266
Information Technology,"Electronics and telecom equipment","Pentastone Electronics, Inc.",332570,기타,439088692200,115,55478261,6.51,74,27,3818162541
Information Technology,"Electronics and telecom equipment","INNOX Advanced Materials Co., Ltd.",272290,기타,414700187200,727,77987620,5.35,76.3,10.6,570426667
Information Technology,"Electronics and telecom equipment","MKElectron",033160,기타,412273700640,296,61251593,10.96,77.9,13.5,1392816556
Information Technology,"Electronics and telecom equipment","Hansol Technics Co., Ltd",004710,기타,410616185410,506,64841897,9.95,75,18.6,811494438
Information Technology,"Electronics and telecom equipment","AUK CORP",017900,기타,409082966780,708,43986750,11.93,77.7,41.7,577800801
Information Technology,"Electronics and telecom equipment","ADTechnology Co., Ltd.",200710,기타,401167808600,391,63017903,3.45,93.8,24.6,1026004626
Information Technology,"Electronics and telecom equipment","TFE Co., Ltd.",425420,기타,400048664400,274,46700730,3.96,53.7,29.2,1460031622
Information Technology,"Electronics and telecom equipment","Suprema Inc.",236200,기타,399628020300,251,77358566,5.02,71.1,23.5,1592143507
Information Technology,"Electronics and telecom equipment","SINDOH CO.,LTD",029530,기타,396401743200,303,75170132,17.51,73.2,23.1,1308256578
Information Technology,"Electronics and telecom equipment","NEPES Corporation",033640,기타,385088673400,1200,55395520,5.48,70.1,43.2,320907228
Information Technology,"Electronics and telecom equipment","MECARO.CO.,LTD.",241770,기타,378656576000,227,59524229,4.28,90,7.9,1668090643
Information Technology,"Electronics and telecom equipment","DK TECH CO.,LTD",290550,기타,367822619700,107,38539617,2.53,71.7,37.4,3437594577
Information Technology,"Electronics and telecom equipment","Synopex Inc.",025320,기타,360355191230,162,69290123,5.97,87.3,14.8,2224414761
Information Technology,"Electronics and telecom equipment","Fine M-Tec Co.,Ltd.",441270,기타,356113078090,137,60131387,2.28,66.7,14.6,2599365534
Information Technology,"Electronics and telecom equipment","HLB innoVation Co.,Ltd.",024850,기타,346113629600,61,67339738,11.55,76.9,9.8,5673993928
Information Technology,"Electronics and telecom equipment","SHINSUNG E&G Co.,LTD.",011930,기타,338910177580,525,56382857,4.92,87.2,12.6,645543195
Information Technology,"Electronics and telecom equipment","MCNEX CO.,LTD",097520,기타,338459175000,472,59280706,6.42,67.3,14.2,717074523
Information Technology,"Electronics and telecom equipment","TLB Co., Ltd.",356860,기타,333952921500,465,58012368,4.95,88.4,14.8,718178326
Information Technology,"Electronics and telecom equipment","LIGHTRON FIBER-OPTIC DEVICES INC.",069540,기타,325679582330,66,68666667,11.69,70.3,24.2,4934539126
Information Technology,"Electronics and telecom equipment","HANYANG DIGITECH CO.,LTD.",078350,기타,314034269200,81,60000000,5.87,100,13.6,3876966286
Information Technology,"Electronics and telecom equipment","INTOPS CO., LTD.",049070,기타,312827533000,296,55841216,9.97,62.5,22,1056849774
Information Technology,"Electronics and telecom equipment","OE Solutions Co., Ltd.",138080,기타,311300613700,283,47577728,7.06,67.3,45.2,1100002169
Information Technology,"Electronics and telecom equipment","RF Materials Co., Ltd.",327260,기타,303585806250,89,50725539,5.47,76.3,38.2,3411076475
Information Technology,"Electronics and telecom equipment","DREAMTECH CO.,LTD.",192650,기타,301432242675,401,56187279,5.53,53.9,43.4,751701353
Information Technology,"Computer programming","DB Inc.",012030,기타,299145638371,975,90880293,7.56,77.9,27.3,306816039
Information Technology,"Electronics and telecom equipment","OKins Electronics Co.,Ltd.",080580,기타,280509701500,171,56041444,5.6,73.8,27.5,1640407611
Information Technology,"Computer programming","LOTTE INNOVATE Co.,Ltd",286940,기타,276564828760,2887,82299965,9.49,83,30.3,95796615
Information Technology,"Electronics and telecom equipment","SAMYOUNG ELECTRONICS CO.,LTD",005680,기타,275800000000,305,48557377,,65.5,47.2,904262295
Information Technology,"Electronics and telecom equipment","PARTRONCO.,LTD",091700,기타,274500000000,544,61492509,7.85,95.1,13.6,504595588
Information Technology,"Electronics and telecom equipment","SEOUL VIOSYS CO., LTD.",092190,기타,272458195020,193,60217617,7.8,78.4,31.1,1411700492
Information Technology,"Electronics and telecom equipment","Sena Technologies Co., Ltd.",061090,기타,256428095000,113,69115044,6.07,74.7,31,2269275177
Information Technology,"Electronics and telecom equipment","Vidente Co., Ltd.",121800,기타,256309348520,54,57666667,8.63,46.3,25.9,4746469417
Information Technology,"Electronics and telecom equipment","KH VATEC Co., LTD",060720,기타,254532501500,199,61698492,8.67,90.3,5,1279057796
Information Technology,"Electronics and telecom equipment","Sapien Semiconductors Inc.",452430,기타,247662630000,71,97492958,2.44,57.9,21.1,3488206056
Information Technology,"Electronics and telecom equipment","LIG Accuver Co.,Ltd.",073490,기타,243323072000,446,67174888,6.69,80,20.2,545567426
Information Technology,"Electronics and telecom equipment","LB SEMICON, INC.",061970,기타,239011569690,1513,54583317,4.71,77.4,34.5,157971956
Information Technology,"Electronics and telecom equipment","APACT Co., Ltd.",200470,기타,232991511500,440,46113636,6.64,84.1,28.6,529526163
Information Technology,"Electronics and telecom equipment","ICTK Co., Ltd.",456010,기타,224061307500,70,62316371,3.3,89.5,18.6,3200875821
Information Technology,"Electronics and telecom equipment","KnJ Co.,Ltd.",272110,기타,223105981000,259,52092664,3.05,75.9,14.7,861413054
Information Technology,"Electronics and telecom equipment","Chips&Media, Inc.",094360,기타,221667744120,86,130431128,6.61,68,19.8,2577531908
Information Technology,"Electronics and telecom equipment","KORTEK CORPORATION",052330,기타,217579465250,274,76423358,9.32,59.3,13.9,794085640
Information Technology,"Electronics and telecom equipment","UJU ELECTRONICS CO., LTD",065680,기타,217151068500,371,63377358,9.76,78.5,11.6,585312853
Information Technology,"Electronics and telecom equipment","HFR, Inc.",230240,기타,214274900000,172,58505814,7.91,57.8,20.3,1245784302
Information Technology,"Electronics and telecom equipment","ASICLAND Co.,Ltd",445090,기타,210865199400,264,69939394,3.48,78.4,25.4,798731816
Information Technology,"Electronics and telecom equipment","OptiCore Inc.",380540,기타,206658126350,38,72455601,2.91,62.9,23.7,5438371746
Information Technology,"Electronics and telecom equipment","Micro Contact Solution Co.,Ltd.",098120,기타,204494043600,196,55153061,4.81,67.3,46.9,1043336957
Information Technology,"Electronics and telecom equipment","Amotech Co., Ltd.",052710,기타,201360883880,597,52100503,10.47,77.2,37.7,337287913
Information Technology,"Electronics and telecom equipment","Namuga Co.,Ltd",190510,기타,197898703850,129,87302326,6.43,62.4,16.3,1534098479
Information Technology,"Electronics and telecom equipment","Elensys Co.,Ltd.",264850,기타,197823816360,128,40343750,6.91,66,70.3,1545498565
Information Technology,"Electronics and telecom equipment","Elentec Co., Ltd",054210,기타,195753965400,412,59048825,6.39,76.9,19.4,475130984
Information Technology,"Electronics and telecom equipment","DOWOOINSYS Co., LTD.",484120,기타,195589982700,393,51755725,3.01,82.2,40.7,497684434
Information Technology,"Electronics and telecom equipment","ITM Semiconductor Co., Ltd",084850,기타,194619573720,314,56506369,6.66,72.8,25.8,619807560
Information Technology,"Computer programming","SHINSEGAE INFORMATION & COMMUNICATION Inc.",035510,기타,182031318000,1323,78487528,7.22,86.8,29.7,137589810
Information Technology,"Electronics and telecom equipment","HMNEX Co.,Ltd.",036170,기타,177960315400,36,61470333,11.28,67.1,8.3,4943342094
Information Technology,"Electronics and telecom equipment","Anapass, Inc.",123860,기타,177365561450,135,119000000,8.41,65.1,22.2,1313818974
Information Technology,"Electronics and telecom equipment","INTERFLEX CO., LTD.",051370,기타,166091600640,411,49554745,5.5,82.4,16.1,404115817
Information Technology,"Electronics and telecom equipment","BIXOLONCo.,Ltd",093190,기타,165262193950,123,83560976,10.84,60,17.9,1343595073
Information Technology,"Electronics and telecom equipment","INTELLIGENT DIGITAL INTEGRATED SECURITY CO., LTD.",143160,기타,162567636300,438,67054795,8.51,61.6,21.2,371158987
Information Technology,"Electronics and telecom equipment","SAMWHA ELECTRIC CO.,LTD",009470,기타,158731680000,434,58044829,11.72,68.6,54.4,365741198
Information Technology,"Electronics and telecom equipment","Ace Technologies Corp.",088800,기타,157053382720,259,30544402,5.89,40.5,29.3,606383717
Information Technology,"Electronics and telecom equipment","WiSoL Co.,LTD.",122990,기타,154240278990,404,56108911,6.38,68.9,25.7,381782869
Information Technology,"Electronics and telecom equipment","Ubiquoss Inc.",264450,기타,153401056780,190,79703579,5.59,78.1,10.5,807373983
Information Technology,"Electronics and telecom equipment","Zaram Technology,Inc.",389020,기타,151911804000,70,91714286,6.3,60.8,25.7,2170168629
Information Technology,"Electronics and telecom equipment","Fidelix Co., Ltd.",032580,기타,148431646720,63,78160111,7.52,80.1,11.1,2356057884
Information Technology,"Electronics and telecom equipment","KOSTECSYS. CO., LTD.",355150,기타,148383570500,67,45895746,6.49,59.6,53.7,2214680157
Information Technology,"Electronics and telecom equipment","TelechipsInc.",054450,기타,147959156410,489,74114683,6.22,69.3,17,302574962
Information Technology,"Electronics and telecom equipment","Suprema HQ Inc.",094840,기타,145522657560,62,72677419,3.26,67.9,41.9,2347139638
Information Technology,"Computer programming","CreoSG Co.,Ltd.",040350,기타,145347354720,48,57606354,9.22,48.8,37.5,3028069890
Information Technology,"Electronics and telecom equipment","ESTec Corporation",069510,기타,136265900000,341,82627566,14.47,89.3,15.2,399606745
Information Technology,"Electronics and telecom equipment","ABOV Semiconductor Co.,Ltd.",102120,기타,130688534550,215,103373200,7.52,63.7,20,607853649
Information Technology,"Computer programming","WINS Technet Co., Ltd",136540,기타,130656497440,497,51909457,4.71,78.2,25.8,262890337
Information Technology,"Electronics and telecom equipment","Korea Robot Manufacturing Co., Ltd.",093640,기타,130553771100,65,74655600,4.34,62.1,13.8,2008519555
Information Technology,"Electronics and telecom equipment","Genohco, Inc",361390,기타,130078050160,147,49134585,3.42,75,16.3,884884695
Information Technology,"Electronics and telecom equipment","RS AUTOMATION CO.,LTD.",140670,기타,130067579200,157,52535032,7.47,55.2,21,828455918
Information Technology,"Electronics and telecom equipment","BCnC Co., Ltd.",146320,기타,127979230000,303,48855261,4.25,87,17.8,422373696
Information Technology,"Electronics and telecom equipment","AJINEXTEK Co., Ltd.",059120,기타,127804260680,90,64502700,6.88,49.1,10,1420047341
Information Technology,"Electronics and telecom equipment","LiComm Co., Ltd.",388790,기타,127048764000,67,41626866,7.7,61.7,29.9,1896250209
Information Technology,"Electronics and telecom equipment","Mdevice Co., Ltd",226590,기타,126565219040,26,31038462,1.21,108.9,26.9,4867893040
Information Technology,"Computer programming","CONTEC Co.,Ltd",451760,기타,125789237880,109,59449541,4.83,72.1,25.7,1154029705
Information Technology,"Electronics and telecom equipment","COMMAX Co., Ltd.",036690,기타,125692107675,130,62000000,11.54,60,11.5,966862367
Information Technology,"Electronics and telecom equipment","Green Resource Co.,Ltd",402490,기타,123796436270,64,42295828,3.31,66.6,28.1,1934319317
Information Technology,"Electronics and telecom equipment","Y2 Solution CO.,LTD",011690,기타,123693807780,95,75042105,5.59,67,23.2,1302040082
Information Technology,"Electronics and telecom equipment","Asia Pacific Satellite lnc.",211270,기타,122015839360,183,63710383,8.68,65.4,18.6,666753221
Information Technology,"Electronics and telecom equipment","QUALITAS SEMICONDUCTOR CO., LTD.",432720,기타,121161864880,164,83654085,3.29,68.9,22.6,738791859
Information Technology,"Electronics and telecom equipment","AVATEC CO.,LTD.",149950,기타,119182370160,387,57077406,7.03,72.4,12.9,307964781
Information Technology,"Electronics and telecom equipment","TOVISCo.,LTD",051360,기타,118303266360,485,62206186,5.44,46.8,36.1,243924261
Information Technology,"Electronics and telecom equipment","KORCHIP CORPORATION",126730,기타,117256584620,95,43754316,2.7,98.5,13.7,1234279838
Information Technology,"Electronics and telecom equipment","UIL Co.,Ltd",049520,기타,117201975000,133,60526316,9.97,66.7,36.8,881217857
Information Technology,"Electronics and telecom equipment","RAONTECH INC.",418420,기타,116635574820,75,69133333,4.7,80.3,13.3,1555140998
Information Technology,"Computer programming","Sangsangin Co., Ltd.",038540,기타,112869758520,216,63583333,6.67,73.8,8.3,522545178
Information Technology,"Electronics and telecom equipment","POONGWON PRECISION Co.,Ltd.",371950,기타,112859489040,185,51881081,5.66,83,12.4,610051292
Information Technology,"Electronics and telecom equipment","SERONICS. CO., LTD.",042600,기타,112060637480,1054,54147242,7.25,133.7,37.5,106319390
Information Technology,"Electronics and telecom equipment","Se Gyung Hi Tech Co., Ltd.",148150,기타,111959876700,275,51861818,4.43,77.8,17.8,407126824
Information Technology,"Electronics and telecom equipment","JOONGANG ADVANCED MATERIALS Co., Ltd",051980,기타,110980617291,108,51622537,6.62,76,10.2,1027598308
Information Technology,"Electronics and telecom equipment","KEC CORPORATION",092220,기타,109215148160,542,60742277,18.2,75.6,34.1,201503963
Information Technology,"Electronics and telecom equipment","DASAN Networks, Inc.",039560,기타,108507824040,182,44305697,7.02,59.8,39.6,596196835
Information Technology,"Electronics and telecom equipment","Xperix Inc.",317770,기타,105718355440,68,68823529,3.85,83.3,26.5,1554681698
Information Technology,"Computer programming","Korea Computer & Systems Inc.",115500,기타,104520000000,49,63612245,8.63,276.5,28.6,2133061224
Information Technology,"Electronics and telecom equipment","ONEUL E&M co.,Ltd",192410,기타,103765945080,97,39809031,6.95,67.9,29.9,1069752011
Information Technology,"Computer programming","Asiana IDT, Inc.",267850,기타,103341000000,452,81141593,11.11,91.6,26.5,228630531
Information Technology,"Computer programming","RingNet Co., Ltd.",042500,기타,98861223640,298,65064720,5.92,74.3,6.7,331749073
Information Technology,"Electronics and telecom equipment","ALT Co.,Ltd.",172670,기타,98294041230,187,55497326,4.85,74.2,40.6,525636584
Information Technology,"Electronics and telecom equipment","HanWool Materials Science, Inc.",091440,기타,97832446140,52,50040558,2.77,90.7,17.3,1881393195
Information Technology,"Electronics and telecom equipment","AMOGREENTECH Co., Ltd.",125210,기타,97825964700,346,46634838,6.29,69.5,25.7,282734002
Information Technology,"Electronics and telecom equipment","TOP RUN TOTAL SOLUTION CO.,LTD",336680,기타,97472439420,185,56085809,6.82,58.4,16.2,526878051
Information Technology,"Electronics and telecom equipment","Wavice Inc.",289930,기타,96513733400,156,65512821,2.92,64.3,17.9,618677778
Information Technology,"Electronics and telecom equipment","ANAM ELECTRONICS CO.,LTD",008700,기타,95326277520,148,58216216,7.84,63.3,8.1,644096470
Information Technology,"Electronics and telecom equipment","GIGALANE Co., Ltd.",049080,기타,93286790660,179,67854749,7.12,66.3,26.3,521155255
Information Technology,"Electronics and telecom equipment","H&SHigh Tech Corp.",044990,기타,92839934000,188,58414894,5.48,74.7,23.9,493829436
Information Technology,"Computer programming","Mobiis Co., Ltd.",250060,기타,92009958040,38,62963526,9.16,94.8,10.5,2421314685
Information Technology,"Electronics and telecom equipment","SEOWONINTECH.CO.,LTD",093920,기타,90954000000,189,41637238,11.12,69,38.1,481238095
Information Technology,"Electronics and telecom equipment","BLUECOM CO.,LTD",033560,기타,90117000000,12,47107333,12.01,57.5,33.3,7509750000
Information Technology,"Electronics and telecom equipment","GO Element Co., Ltd.",311320,기타,89437230400,95,54283386,6.52,61.1,20,941444531
Information Technology,"Electronics and telecom equipment","Kwangmu Co.,Ltd.",029480,기타,84920605704,24,72990999,7.21,69.8,4.2,3538358571
Information Technology,"Electronics and telecom equipment","ABCO ELECTRONICS CO., LTD.",036010,기타,83213766840,363,45179413,8.56,81.7,35.5,229239027
Information Technology,"Electronics and telecom equipment","KOREA COMPUTER INC.",054040,기타,82927856400,93,48884258,13.48,83.8,52.7,891697381
Information Technology,"Electronics and telecom equipment","Woori-Net Co., Ltd.",115440,기타,82684276720,239,64674180,6.96,70.9,5.9,345959317
Information Technology,"Electronics and telecom equipment","MOBASE Co., Ltd.",101330,기타,82171952950,35,39657143,10.54,85,5.7,2347770084
Information Technology,"Electronics and telecom equipment","KAON Group Co., Ltd.",078890,기타,81438248060,267,73808989,4.92,58.2,15.7,305012165
Information Technology,"Computer programming","Polaris AI Corp.",039980,기타,80678610540,162,45302469,7.87,81.2,30.2,498016114
Information Technology,"Electronics and telecom equipment","ACTRO CO.,Ltd",290740,기타,80520088000,64,100888313,5.41,41.4,18.8,1258126375
Information Technology,"Electronics and telecom equipment","FOCUS AI Co., Ltd.",331380,기타,78971470560,116,55068966,4.53,63.3,22.4,680788539
Information Technology,"Computer programming","OPASNET co., Ltd.",173130,기타,78670232190,442,68106335,4.36,55.7,6.1,177986951
Information Technology,"Computer programming","SPSoft Inc.",443670,기타,77554121720,45,60333333,6.97,84.1,26.7,1723424927
Information Technology,"Computer programming","S NET SYSTEMS.INC",038680,기타,76962361330,516,60344961,4.93,77.4,11.8,149151863
Information Technology,"Electronics and telecom equipment","ISTE Co.,Ltd.",212710,기타,76554026640,88,59839261,5.05,63.1,5.7,869932121
Information Technology,"Electronics and telecom equipment","I&C Technology Co., Ltd.",052860,기타,75487458150,86,57232558,6.13,67.8,9.3,877761141
Information Technology,"Electronics and telecom equipment","NEWFLEXTECHNOLGYCo.,LTD.",085670,기타,75339840075,142,45105634,7.38,61.7,14.1,530562254
Information Technology,"Electronics and telecom equipment","SYNIC SOLUTION CO., LTD.",234030,기타,75299950000,45,84622222,5.81,68.8,28.9,1673332222
Information Technology,"Electronics and telecom equipment","JOOSUNG CORPORATION",109070,기타,74884906140,60,44208533,5.94,54.6,41.7,1248081769
Information Technology,"Computer programming","STraffic Co.,Ltd.",234300,기타,74141200500,238,82558824,5.16,70.6,10.9,311517649
Information Technology,"Electronics and telecom equipment","IDP Corp., Ltd.",332370,기타,73005493000,58,85931034,7.63,55.9,17.2,1258715397
Information Technology,"Electronics and telecom equipment","ThinkwareSystemsCorporation",084730,기타,72655632960,263,50098859,5.9,80.8,19,276257160
Information Technology,"Electronics and telecom equipment","Amosense Co., Ltd.",357580,기타,72624933920,302,51238411,5.76,70.9,23.5,240479914
Information Technology,"Electronics and telecom equipment","BioSmart Co., Ltd.",038460,기타,72411562830,168,57035714,9.64,71.9,38.7,431021207
Information Technology,"Electronics and telecom equipment","EM-Tech.CO.,LTD.",091120,기타,71958331200,306,57186275,6.99,74.3,9.8,235157945
Information Technology,"Electronics and telecom equipment","CoAsia Corporation",045970,기타,71444888340,114,58263158,6.56,80.8,36.8,626709547
Information Technology,"Electronics and telecom equipment","SENSORVIEW CO., LTD.",321370,기타,70832586126,97,47988237,3.39,57.5,24.7,730232847
Information Technology,"Electronics and telecom equipment","Nextchip Co., Ltd.",396270,기타,70379102340,214,59378505,4.85,82.3,23.8,328874310
Information Technology,"Computer programming","ITCENCTS",031820,기타,69362486580,576,71775790,4.63,89.6,7.1,120420984
Information Technology,"Electronics and telecom equipment","Q.S.ICo.,Ltd.",066310,기타,69166292660,138,35565217,6.72,57.5,26.1,501205019
Information Technology,"Electronics and telecom equipment","VISSEM Electronics Co., Ltd.",072950,기타,68849815500,221,55262729,9.29,69.8,35.7,311537627
Information Technology,"Electronics and telecom equipment","KOREA ADVANCED MATERIALS Co.,Ltd.",062970,기타,66336969468,38,41187947,8.52,48.9,15.8,1745709723
Information Technology,"Electronics and telecom equipment","TJ MEDIA CO.,LTD",032540,기타,65513389755,228,57710526,8.89,57.7,44.3,287339429
Information Technology,"Electronics and telecom equipment","AGOS Co., Ltd.",175140,기타,64855057800,29,57139517,2.1,49,41.4,2236381303
Information Technology,"Computer programming","ITCENENTEC CO.,LTD.",010280,기타,64472547150,1176,66051190,3.04,77.6,19.5,54823595
Information Technology,"Electronics and telecom equipment","HYUNDAI HT CO,LTD.",039010,기타,63480000000,232,35347241,6.66,77.1,17.2,273620690
Information Technology,"Electronics and telecom equipment","Alphachips, Inc.",117670,기타,63219931580,115,61270800,6.42,65.9,20,549738535
Information Technology,"Electronics and telecom equipment","HUNEED TECHNOLOGIES",005870,기타,61545825400,310,68738081,8.56,67.4,15.2,198534921
Information Technology,"Electronics and telecom equipment","MERCURY CORPORATION",100590,기타,61102477925,135,77718519,14.98,56.5,12.6,452610948
Information Technology,"Electronics and telecom equipment","SUNNY ELECTRONICS CO.,LTD",004770,기타,60078585096,32,50552250,11.67,74.2,31.3,1877455784
Information Technology,"Electronics and telecom equipment","YMC Co., Ltd.",155650,기타,60053843070,156,53102564,6.59,87,12.8,384960533
Information Technology,"Electronics and telecom equipment","TRUEN Co., Ltd",417790,기타,59879196520,105,66455486,4.08,59.7,8.6,570278062
Information Technology,"Computer programming","Openbase, Inc.",049480,기타,59733950083,272,65132353,6.06,70.6,14.3,219610111
Information Technology,"Electronics and telecom equipment","COTS Technology Co., Ltd.",448710,기타,59723799600,221,56605398,3.54,57.1,14.9,270243437
Information Technology,"Electronics and telecom equipment","RFTECH CO., LTD",061040,기타,59718271800,240,56533333,8.73,56.3,26.7,248826133
Information Technology,"Electronics and telecom equipment","COWEAVER Co.,Ltd.",056360,기타,58388928000,159,63890528,9.72,60,13.8,367225962
Information Technology,"Electronics and telecom equipment","DG-ITX Co., Ltd.",099520,기타,58141862016,76,59514211,8.25,54.7,22.4,765024500
Information Technology,"Electronics and telecom equipment","DERKWOO ELECTRONICS CO.,LTD.",263600,기타,56393297400,318,51000000,3.66,75.8,25.5,177337413
Information Technology,"Electronics and telecom equipment","WITS Co., Ltd.",459100,기타,56288298000,131,67039542,2.94,52.4,16,429681664
Information Technology,"Electronics and telecom equipment","ILJIN DISPLAY CO.,LTD.",020760,기타,55503470462,42,54428571,6.41,68.4,14.3,1321511201
Information Technology,"Electronics and telecom equipment","Piolink, Inc.",170790,기타,55145027700,434,54258065,5.81,74.5,23.5,127062276
Information Technology,"Electronics and telecom equipment","SAMWHA ELECTRONICS CO.,LTD",011230,기타,55101631875,106,48984443,13.98,83.1,17.9,519826716
Information Technology,"Electronics and telecom equipment","PULOON Robotics Inc.",094940,기타,53930939700,130,47777323,8.82,50,39.2,414853382
Information Technology,"Electronics and telecom equipment","JMT CO.,Ltd.",094970,기타,53761850400,15,75424800,7.12,38.9,20,3584123360
Information Technology,"Electronics and telecom equipment","M2N Co.,Ltd",033310,기타,52883559288,208,53541692,8.39,63.9,53.4,254247881
Information Technology,"Electronics and telecom equipment","UTI INC.",179900,기타,52741447980,126,63253968,5.09,77.3,14.3,418582920
Information Technology,"Electronics and telecom equipment","RFsemiTechnologies,Inc.",096610,기타,51550708615,93,39571785,8.8,90.7,47.3,554308695
Information Technology,"Electronics and telecom equipment","OPTICIS CO., LTD.",109080,기타,51118520000,99,47888889,8.53,70.9,44.4,516348687
Information Technology,"Computer programming","INSUNG INFORMATION CO., LTD",033230,기타,50717441520,205,61073171,5.83,73.7,14.1,247402154
Information Technology,"Electronics and telecom equipment","CAP Co.,Ltd.",198080,기타,50607684750,196,51958408,12.59,73.6,41.8,258202473
Information Technology,"Electronics and telecom equipment","VECT Co., Ltd.",457600,기타,50580675000,52,56143231,6.27,63.9,28.8,972705288
Information Technology,"Electronics and telecom equipment","HYUNWOOINDUSTRIALCO.,LTD",092300,기타,50273928145,269,51478669,7.17,83.4,28.6,186891926
Information Technology,"Electronics and telecom equipment","MOTIVELINK CO.,LTD",463480,기타,49685335580,111,50723081,6.81,69.8,21.6,447615636
Information Technology,"Electronics and telecom equipment","CITECH CO.,LTD",004920,기타,48527280960,111,37267261,4.37,54,23.4,437182711
Information Technology,"Electronics and telecom equipment","LUMENS CO., LTD.",038060,기타,48054965931,92,65304348,8.43,65.7,19.6,522336586
Information Technology,"Electronics and telecom equipment","PRO2000 CO.,LTD.",321260,기타,48011119052,109,39899083,4,87.8,22,440468982
Information Technology,"Electronics and telecom equipment","SAWNICS INC.",088280,기타,47938977300,95,59745789,5.03,71.4,22.1,504620814
Information Technology,"Electronics and telecom equipment","WINPAC INC.",097800,기타,47184487805,395,47908861,4.25,86,29.9,119454400
Information Technology,"Electronics and telecom equipment","ELCOMTEC CO.,LTD",037950,기타,47121713370,40,56494800,5,86.8,15,1178042834
Information Technology,"Electronics and telecom equipment","KOCOM CO., LTD",015710,기타,46280520000,151,53847682,10.37,76.8,16.6,306493510
Information Technology,"Electronics and telecom equipment","ALT  Co., Ltd.",459550,기타,45977447303,51,106647059,4.02,69.4,29.4,901518575
Information Technology,"Electronics and telecom equipment","ATEC MOBILITY Co., Ltd",224110,기타,45875885580,243,47004115,3.51,72,21.4,188789653
Information Technology,"Electronics and telecom equipment","BLUETOP CO.,LTD.",191600,기타,45256830240,151,46814570,3,74,24.5,299714108
Information Technology,"Electronics and telecom equipment","CU TECH CORPORATION",376290,기타,44850050000,39,48886462,10.34,98.5,30.8,1150001282
Information Technology,"Electronics and telecom equipment","LMS Co.,Ltd.",073110,기타,43500241950,189,51285714,7.79,83,19,230160010
Information Technology,"Computer programming","Obigo Inc.",352910,기타,42715770760,137,72510949,5.97,69.5,38,311793947
Information Technology,"Electronics and telecom equipment","ABKO CO., LTD.",129890,기타,42494046666,59,36135593,3,86.8,37.3,720238079
Information Technology,"Electronics and telecom equipment","EV ADVANCED MATERIAL CO., LTD.",131400,기타,41416357990,126,51827183,9.75,63.9,18.3,328701254
Information Technology,"Electronics and telecom equipment","EXICURE HITRON INC.",019490,기타,41349858070,32,56750000,5.31,114.5,21.9,1292183065
Information Technology,"Electronics and telecom equipment","SANGSHIN ELECTRONICS CO., LTD.",263810,기타,41324920875,118,44764712,7.68,65.8,30.5,350211194
Information Technology,"Electronics and telecom equipment","ATUM CO., LTD.",355690,기타,41200524645,35,46133114,1.97,50.4,25.7,1177157847
Information Technology,"Electronics and telecom equipment","MICRO2NANO, INC.",424980,기타,40248452000,134,47719910,7.35,62.7,13.4,300361582
Information Technology,"Electronics and telecom equipment","INNO INSTRUMENT INC.",215790,기타,39799751212,40,36850000,2.15,50,32.5,994993780
Information Technology,"Electronics and telecom equipment","3ALogics. Inc.",177900,기타,39473160000,48,58729167,6.46,83.8,22.9,822357500
Information Technology,"Electronics and telecom equipment","DAP Co., Ltd",066900,기타,39234267675,1127,54017746,5.54,88.6,20.4,34813015
Information Technology,"Electronics and telecom equipment","SUNGMOON ELECTRONICS CO.,LTD",014910,기타,38468772320,72,47686556,12.77,76.4,22.2,534288504
Information Technology,"Electronics and telecom equipment","BG T&A Co.",046310,기타,37598687890,62,76935484,9.84,50,29,606430450
Information Technology,"Electronics and telecom equipment","RNT-X CO.,LTD.",123010,기타,37581552720,59,55261068,5.34,66.8,42.4,636975470
Information Technology,"Electronics and telecom equipment","SUNGWOOELECTRONICSCO.,LTD.",081580,기타,37374624630,98,63918367,9.63,74.2,12.2,381373721
Information Technology,"Electronics and telecom equipment","i-Components Co., Ltd",059100,기타,36768472000,120,54163983,6.84,97.6,14.2,306403933
Information Technology,"Electronics and telecom equipment","Finecircuit CO.,LTD.",127980,기타,35818069100,119,37843950,3.81,88.4,22.7,300992177
Information Technology,"Electronics and telecom equipment","Cellfie Global Co.,Ltd.",068940,기타,35720093048,105,53574190,6.15,76,18.1,340191362
Information Technology,"Electronics and telecom equipment","DongilTechnology",032960,기타,35273914875,117,60076923,14.28,59.7,25.6,301486452
Information Technology,"Electronics and telecom equipment","Kisan Telecom CO., Ltd.",035460,기타,34913595600,60,56297167,13.96,60.9,8.3,581893260
Information Technology,"Electronics and telecom equipment","INZI DISPLAY COMPANY LIMITED",037330,기타,34888753080,123,58731512,12.54,71.5,19.5,283648399
Information Technology,"Computer programming","PLANTYNETCo.,Ltd.",075130,기타,34824211200,83,60662651,6.79,57.4,25.3,419568810
Information Technology,"Electronics and telecom equipment","PHOTON CO., LTD",208710,기타,34729647820,33,62797515,3.27,64.5,30.3,1052413570
Information Technology,"Electronics and telecom equipment","UNION biometrics Co., Ltd.",203450,기타,34634357220,151,49165046,6.3,66.6,18.5,229366604
Information Technology,"Electronics and telecom equipment","ODTech",080520,기타,34589983935,280,33564286,7.7,91.4,47.9,123535657
Information Technology,"Electronics and telecom equipment","HiDeep Inc.",365590,기타,33795756900,68,85279412,6.47,74.2,16.2,496996425
Information Technology,"Electronics and telecom equipment","DHAUTOWARE Co., LTD",025440,기타,33707823020,331,71978852,4.66,73.3,15.1,101836323
Information Technology,"Electronics and telecom equipment","TechL Co., LTD.",064520,기타,33280731318,114,46964912,5.75,69.8,37.7,291936240
Information Technology,"Electronics and telecom equipment","Pixelplus. Co., Ltd.",087600,기타,33115392690,113,78548673,7.21,66.7,19.5,293056572
Information Technology,"Computer programming","MiraeING.Co.,Ltd.",007120,기타,32514505660,42,51678024,6.79,73.2,33.3,774154897
Information Technology,"Computer programming","DaishinInformation",020180,기타,32126572940,597,54676663,5.16,70.5,14.1,53813355
Information Technology,"Electronics and telecom equipment","S Connect Co., LTD",096630,기타,31657388062,63,87816206,11.42,61,15.9,502498223
Information Technology,"Computer programming","Korea Computer Terminal Inc.",089150,기타,31487400000,52,45984942,7.72,94.7,9.6,605526923
Information Technology,"Electronics and telecom equipment","Edge Foundry Co.,Ltd",105550,기타,31087899247,124,43579782,5.75,82.7,23.4,250708865
Information Technology,"Computer programming","ISAAC Engineering Co., Ltd.",351330,기타,29921557200,155,55870968,5.6,87.7,16.1,193042305
Information Technology,"Electronics and telecom equipment","FINEDIGITAL Inc.",038950,기타,29202787900,128,63046875,9.54,64.4,38.3,228146780
Information Technology,"Electronics and telecom equipment","Signetics Corp.",033170,기타,29147628460,123,45300813,8.08,66,27.6,236972589
Information Technology,"Electronics and telecom equipment","ATLAS LINK Inc.",297570,기타,28562504850,37,90958784,5.23,62.8,10.8,771959591
Information Technology,"Electronics and telecom equipment","CammSys Corp.",050110,기타,28172729372,135,55252896,7.22,84.5,18.5,208686884
Information Technology,"Electronics and telecom equipment","iA, Inc.",038880,기타,27577932410,22,31181818,2.06,56.8,36.4,1253542382
Information Technology,"Electronics and telecom equipment","FRTEKCO.,LTD.",073540,기타,27360000000,33,68375848,4.34,121.4,24.2,829090909
Information Technology,"Electronics and telecom equipment","PAVONINE CO., LTD.",177830,기타,27182383200,224,37688357,7.54,71.6,32.1,121349925
Information Technology,"Electronics and telecom equipment","Samjin",032750,기타,27003054780,63,53603526,8.77,76.4,9.5,428619917
Information Technology,"Electronics and telecom equipment","POINT MOBILE Co., Ltd.",318020,기타,26570747520,160,58537000,5.94,60.4,29.4,166067172
Information Technology,"Electronics and telecom equipment","SD system  Co., Ltd",121890,기타,25851862470,70,51719314,5.59,66.8,15.7,369312321
Information Technology,"Electronics and telecom equipment","SUNGWOO TECHRON COMPANY",045300,기타,25681974220,272,44765853,9.19,62.4,37.5,94419023
Information Technology,"Electronics and telecom equipment","RN2 Technologies Co., Ltd.",148250,기타,25193413104,112,40141500,5.75,61,50,224941188
Information Technology,"Computer programming","ITCENCORE CO.,LTD.",243870,기타,24847700290,121,62536620,4.27,75.9,28.1,205352895
Information Technology,"Electronics and telecom equipment","ICH Co., Ltd.",368600,기타,24712007570,195,53400000,2.33,68.4,20,126728244
Information Technology,"Electronics and telecom equipment","Iron Device Corp.",464500,기타,24488210250,46,74239130,3.81,88.2,19.6,532352397
Information Technology,"Electronics and telecom equipment","MOATECH CO., LTD.",033200,기타,23931775400,83,51481422,10.46,58.9,25.3,288334643
Information Technology,"Computer programming","Inticube Co., Ltd.",070590,기타,23720101389,204,77500000,8.75,82.7,25,116275007
Information Technology,"Electronics and telecom equipment","S&KPOLYTECCO.,LTD.",091340,기타,23582997815,23,49981652,13.94,82.8,13,1025347731
Information Technology,"Electronics and telecom equipment","AHA Co.,Ltd",102950,기타,23514450176,148,35054054,3.48,86.1,18.9,158881420
Information Technology,"Computer programming","Saltware Co., Ltd.",328380,기타,23470000875,153,52841497,3.91,67,21.6,153398699
Information Technology,"Electronics and telecom equipment","IL ROBOTICS CO., LTD.",403810,기타,23352763100,6,58333333,2,46.9,16.7,3892127183
Information Technology,"Electronics and telecom equipment","RANIX INC.",317120,기타,22493240000,80,71437500,3.34,52.6,11.3,281165500
Information Technology,"Electronics and telecom equipment","FINE DNC CO.,LTD.",049120,기타,22422517245,120,58024523,7.58,61.1,12.5,186854310
Information Technology,"Electronics and telecom equipment","Sigetronics, Inc.",429270,기타,22282093105,81,39901086,4.17,73.4,39.5,275087569
Information Technology,"Electronics and telecom equipment","Aroot Co., Ltd.",096690,기타,21964717320,79,45881266,6.74,69.3,17.7,278034396
Information Technology,"Computer programming","Bellock Inc.",424760,기타,21918522240,109,57830064,3.4,72,21.1,201087360
Information Technology,"Electronics and telecom equipment","PIMS Inc.",347770,기타,21485619480,210,49598471,2.59,75.6,12.4,102312474
Information Technology,"Electronics and telecom equipment","N CITRON, INC.",101400,기타,21405279524,10,67600000,6.54,61.3,40,2140527952
Information Technology,"Electronics and telecom equipment","Dasan Solueta Co.,Ltd.",154040,기타,21248148562,108,57633481,5.2,83,14.8,196742116
Information Technology,"Electronics and telecom equipment","Linked Inc.",193250,기타,21243234537,34,48809529,4.92,57.8,17.6,624801016
Information Technology,"Electronics and telecom equipment","Digital Graphics Incorporation",043360,기타,21195000000,69,47925275,9.08,59.9,18.8,307173913
Information Technology,"Electronics and telecom equipment","DILLI ILLUSTRATE INC.,",131180,기타,21073300000,65,48456000,7.78,74.6,20,324204615
Information Technology,"Computer programming","ECSTELECOMCo.,Ltd.",067010,기타,20742592500,207,82138111,7.57,85.2,11.1,100205761
Information Technology,"Electronics and telecom equipment","IMAGIS Co., Ltd.",115610,기타,20576476829,34,66764706,6.43,,,605190495
Information Technology,"Computer programming","LOGISYS INC.",067730,기타,20557084250,488,36172131,6.39,79.3,6.6,42125173
Information Technology,"Electronics and telecom equipment","SAMYOUNG S&C CO., LTD.",361670,기타,20431907090,58,46334865,7.77,63.3,29.3,352274260
Information Technology,"Electronics and telecom equipment","IntermCorporation",017250,기타,20119466452,261,43645697,9.33,78.8,41,77086078
Information Technology,"Electronics and telecom equipment","CNPLUS Co., Ltd.",115530,기타,20105171550,57,45403509,4.55,74.3,21.1,352722308
Information Technology,"Computer programming","CATIS INC.",140430,기타,19989378090,81,66565593,6.2,66.3,18.5,246782446
Information Technology,"Electronics and telecom equipment","LDTInc.",096870,기타,18949957730,62,49566581,7.18,61.6,16.1,305644480
Information Technology,"Electronics and telecom equipment","SEJIN T.S CO., LTD.",067770,기타,18724402390,28,46500000,17.44,73.1,39.3,668728657
Information Technology,"Electronics and telecom equipment","THE CODI Co., LTD.",224060,기타,17830294510,33,43170920,7.89,68.6,39.4,540311955
Information Technology,"Electronics and telecom equipment","AUTOMOBILE & PCB",015260,기타,17574601462,233,40023858,4.68,76.1,52.8,75427474
Information Technology,"Electronics and telecom equipment","CS CORPORATION",065770,기타,17497066496,45,64933333,5.55,45.1,15.6,388823700
Information Technology,"Electronics and telecom equipment","Zinitix Co.,Ltd.",303030,기타,17216054880,84,70583333,7.12,60.3,8.3,204953034
Information Technology,"Electronics and telecom equipment","U.I.DISPLAY CO.,LTD.",069330,기타,17122099740,49,47733796,6.36,78.8,12.2,349430607
Information Technology,"Electronics and telecom equipment","RYUK-IL C&S., Ltd.",191410,기타,15708365510,25,77493320,8.28,52.9,36,628334620
Information Technology,"Electronics and telecom equipment","WELKEEPS HITECH CO.,LTD",043590,기타,15576501388,3,69470667,4.67,105.6,33.3,5192167129
Information Technology,"Electronics and telecom equipment","NANOCMS CO., LTD",247660,기타,12401891600,58,29896552,3.51,43.6,41.4,213825717
Information Technology,"Electronics and telecom equipment","Samyung ENC Co., Ltd.",065570,기타,12295692232,190,38200000,10.71,57.8,35.8,64714170
Information Technology,"Computer programming","Humax Holdings Co., Ltd",028080,기타,11791412360,66,61685455,3.84,77.7,36.4,178657763
Information Technology,"Electronics and telecom equipment","IK Semicon Co., Ltd.",149010,기타,10873200000,20,49750000,2.2,55.4,25,543660000
Information Technology,"Electronics and telecom equipment","KESPION Co., Ltd.",079190,기타,10192977314,41,51880220,8.95,73.1,19.5,248609203
Information Technology,"Electronics and telecom equipment","JOOYONTECH CO.,LTD.",044380,기타,10059126480,43,50329070,10.37,82.5,20.9,233933174
Information Technology,"Electronics and telecom equipment","NC& Co., Ltd.",092600,기타,9622036354,140,66200000,5.25,70.4,22.9,68728831
Information Technology,"Electronics and telecom equipment","KEM Tech Corp.",106080,기타,9506998050,25,64932920,2.14,64.5,12,380279922
Information Technology,"Electronics and telecom equipment","Coset Inc.",189350,기타,8918400000,78,35115385,9.75,61.2,73.1,114338462
Information Technology,"Electronics and telecom equipment","Elivision Co., Ltd.",276240,기타,6279700380,12,43583333,4.58,74.7,16.7,523308365
Information Technology,"Electronics and telecom equipment","Luxpia Co., Ltd.",092590,기타,5169388482,76,34473684,3.87,75,55.3,68018270
Information Technology,"Electronics and telecom equipment","TIDE Co., Ltd.",346010,기타,4860062000,27,61851852,6.53,57.6,14.8,180002296
Information Technology,"Computer programming","UNIPOINT Corp.",121060,기타,4632854436,93,48978495,5.4,79.5,18.3,49815639
Information Technology,"Electronics and telecom equipment","CNSLINK Co., Ltd",245450,기타,2526356040,41,54609756,7.44,69.5,24.4,61618440
Information Technology,"Electronics and telecom equipment","WIWORLD Co.,Ltd",140660,기타,1644073572,29,32310345,6.69,87.9,17.2,56692192
Information Technology,"Electronics and telecom equipment","GEOMC CO., LTD.",033030,기타,,3,57895893,5.2,123.4,33.3,
Information Technology,"Electronics and telecom equipment","ZalmanTechCo.,Ltd.",090120,기타,,33,68010364,5.63,68.4,15.2,
Information Technology,"Electronics and telecom equipment","PEOPLE & TELECOMMUNICATION INC.",054340,기타,,1,43000000,6,,,
Information Technology,"Electronics and telecom equipment","EMSONIC CORPORATION",008120,기타,,46,49260870,8.39,73.1,19.6,
Information Technology,"Electronics and telecom equipment","DAHAAM e-TEC CO., LTD",009280,기타,,5,64344400,12.82,55.5,40,
Information Technology,"Electronics and telecom equipment","WOOJEON CO., LTD.",052270,기타,,76,63605263,8.35,60.6,9.2,
Information Technology,"Electronics and telecom equipment","TELAUM CO., LTD.",047730,기타,,12,38500000,2.83,213.3,25,
Information Technology,"Electronics and telecom equipment","Global Display Co., Ltd.",155960,기타,,78,47221449,5.87,71.2,6.4,
Information Technology,"Computer programming","BFLABS Co.,LTD.",139050,기타,,83,49595108,2.88,81.1,12,
Information Technology,"Electronics and telecom equipment","Y&NEXT Inc.",090740,기타,,2,60000000,4,,,
Information Technology,"Electronics and telecom equipment","JangWonTech Co., Ltd.",174880,기타,,107,41448598,6.19,61.7,30.8,
Information Technology,"Electronics and telecom equipment","DAIDONG ELECTRONICS.,LTD",008110,기타,,43,58727651,11.16,59.7,14,
Information Technology,"Electronics and telecom equipment","THE MIDONG Co,. Ltd",161570,기타,,5,66293000,7.08,55.7,40,
Information Technology,"Electronics and telecom equipment","Melfas Inc.",096640,기타,,37,41270270,2.13,46.9,29.7,
Information Technology,"Electronics and telecom equipment","KH Mirae Corporation Co., Ltd.",111870,기타,,11,34145364,3.04,83.2,9.1,
Information Technology,"Electronics and telecom equipment","ENTERMEDIA CO., LTD",068420,기타,,6,68333333,6.17,44,33.3,
Information Technology,"Electronics and telecom equipment","Hustory Co., Ltd.",046400,기타,,13,50208231,6.79,59.8,15.4,
Information Technology,"Electronics and telecom equipment","FutureCore Co.,Ltd.",151910,기타,,55,50835646,6.41,70.5,23.6,
Information Technology,"Electronics and telecom equipment","MUGUNGHWA INFORMATION TECHNOLOGY CO., LTD.",038340,기타,,12,73706253,3.5,49.9,25,
Information Technology,"Electronics and telecom equipment","KH FEELUX Co.,Ltd.",033180,기타,,125,55714136,8.7,68.8,24,
Information Technology,"Computer programming","DOUZONE BIZON CO.,LTD",012510,기타,,1818,61030253,7.1,80.3,38.2,
Information Technology,"Electronics and telecom equipment","IMCo.,LTD",101390,기타,,11,84454545,2.82,38.9,18.2,