날짜	시각	보냄	이미보냄	없거나실패
2026-10-01	10:34	1	1	4
2026-10-01	11:54	1	2	3
2026-10-01	14:47	1	3	2
2026-10-01	15:48	1	4	1
2026-10-02	09:47	1	0	5
2026-10-02	10:47	1	1	4
2026-10-02	12:05	1	2	3
2026-10-02	12:22	0	3	3
2026-10-02	14:54	1	2	3
2026-10-02	15:50	1	3	2
2026-10-02	16:35	2	3	1
2026-10-02	16:54	0	5	1
2026-10-03	09:46	0	0	6
2026-10-03	10:53	0	0	6
2026-10-03	10:57	0	0	6
2026-10-03	11:52	0	0	6
2026-10-03	14:45	0	0	6
2026-10-03	15:50	0	0	6
2026-10-03	16:52	0	0	6
2026-10-03	17:36	0	0	7
2026-10-03	17:40	0	0	7
2026-10-03	17:49	1	0	6
2026-10-03	21:37	1	0	0
2026-10-04	10:16	0	0	7
2026-10-04	10:36	0	1	6
2026-10-04	10:42	0	1	6
2026-10-04	11:01	1	1	5
2026-10-04	11:20	0	2	5
