year,series,measure,value,unit,source
2005,music_exports,total,22278,thousand USD,KOSIS DT_113_STBL_1020468
2005,music_exports,Japan,801,thousand USD,KOSIS DT_113_STBL_1020468
2005,music_exports,Europe,1600,thousand USD,KOSIS DT_113_STBL_1020468
2005,music_exports,Other,30,thousand USD,KOSIS DT_113_STBL_1020468
2005,music_exports,Unclassified,19847,thousand USD,KOSIS DT_113_STBL_1020468
2006,music_exports,total,16666,thousand USD,KOSIS DT_113_STBL_1020468
2006,music_exports,Japan,14309,thousand USD,KOSIS DT_113_STBL_1020468
2006,music_exports,Greater China,850,thousand USD,KOSIS DT_113_STBL_1020468
2006,music_exports,Southeast Asia,621,thousand USD,KOSIS DT_113_STBL_1020468
2006,music_exports,North America,49,thousand USD,KOSIS DT_113_STBL_1020468
2006,music_exports,Europe,549,thousand USD,KOSIS DT_113_STBL_1020468
2006,music_exports,Other,288,thousand USD,KOSIS DT_113_STBL_1020468
2007,music_exports,total,13885,thousand USD,KOSIS DT_113_STBL_1020468
2007,music_exports,Japan,9431,thousand USD,KOSIS DT_113_STBL_1020468
2007,music_exports,Greater China,1665,thousand USD,KOSIS DT_113_STBL_1020468
2007,music_exports,Southeast Asia,2061,thousand USD,KOSIS DT_113_STBL_1020468
2007,music_exports,North America,306,thousand USD,KOSIS DT_113_STBL_1020468
2007,music_exports,Europe,217,thousand USD,KOSIS DT_113_STBL_1020468
2007,music_exports,Other,205,thousand USD,KOSIS DT_113_STBL_1020468
2008,music_exports,total,16468,thousand USD,KOSIS DT_113_STBL_1020468
2008,music_exports,Japan,11215,thousand USD,KOSIS DT_113_STBL_1020468
2008,music_exports,Greater China,1844,thousand USD,KOSIS DT_113_STBL_1020468
2008,music_exports,Southeast Asia,2569,thousand USD,KOSIS DT_113_STBL_1020468
2008,music_exports,North America,346,thousand USD,KOSIS DT_113_STBL_1020468
2008,music_exports,Europe,296,thousand USD,KOSIS DT_113_STBL_1020468
2008,music_exports,Other,198,thousand USD,KOSIS DT_113_STBL_1020468
2009,music_exports,total,31269,thousand USD,KOSIS DT_113_STBL_1020468
2009,music_exports,Japan,21638,thousand USD,KOSIS DT_113_STBL_1020468
2009,music_exports,Greater China,2369,thousand USD,KOSIS DT_113_STBL_1020468
2009,music_exports,Southeast Asia,6411,thousand USD,KOSIS DT_113_STBL_1020468
2009,music_exports,North America,351,thousand USD,KOSIS DT_113_STBL_1020468
2009,music_exports,Europe,299,thousand USD,KOSIS DT_113_STBL_1020468
2009,music_exports,Other,201,thousand USD,KOSIS DT_113_STBL_1020468
2010,music_exports,total,83262,thousand USD,KOSIS DT_113_STBL_1020468
2010,music_exports,Japan,67267,thousand USD,KOSIS DT_113_STBL_1020468
2010,music_exports,Greater China,3627,thousand USD,KOSIS DT_113_STBL_1020468
2010,music_exports,Southeast Asia,11321,thousand USD,KOSIS DT_113_STBL_1020468
2010,music_exports,North America,432,thousand USD,KOSIS DT_113_STBL_1020468
2010,music_exports,Europe,396,thousand USD,KOSIS DT_113_STBL_1020468
2010,music_exports,Other,219,thousand USD,KOSIS DT_113_STBL_1020468
2011,music_exports,total,196113,thousand USD,KOSIS DT_113_STBL_1020468
2011,music_exports,Japan,157938,thousand USD,KOSIS DT_113_STBL_1020468
2011,music_exports,Greater China,6836,thousand USD,KOSIS DT_113_STBL_1020468
2011,music_exports,Southeast Asia,25691,thousand USD,KOSIS DT_113_STBL_1020468
2011,music_exports,North America,587,thousand USD,KOSIS DT_113_STBL_1020468
2011,music_exports,Europe,4632,thousand USD,KOSIS DT_113_STBL_1020468
2011,music_exports,Other,429,thousand USD,KOSIS DT_113_STBL_1020468
2012,music_exports,total,235097,thousand USD,KOSIS DT_113_STBL_1020468
2012,music_exports,Japan,189512,thousand USD,KOSIS DT_113_STBL_1020468
2012,music_exports,Greater China,8806,thousand USD,KOSIS DT_113_STBL_1020468
2012,music_exports,Southeast Asia,31146,thousand USD,KOSIS DT_113_STBL_1020468
2012,music_exports,North America,857,thousand USD,KOSIS DT_113_STBL_1020468
2012,music_exports,Europe,4231,thousand USD,KOSIS DT_113_STBL_1020468
2012,music_exports,Other,545,thousand USD,KOSIS DT_113_STBL_1020468
2013,music_exports,total,277328,thousand USD,KOSIS DT_113_STBL_1020468
2013,music_exports,Japan,221739,thousand USD,KOSIS DT_113_STBL_1020468
2013,music_exports,Greater China,10186,thousand USD,KOSIS DT_113_STBL_1020468
2013,music_exports,Southeast Asia,38166,thousand USD,KOSIS DT_113_STBL_1020468
2013,music_exports,North America,1024,thousand USD,KOSIS DT_113_STBL_1020468
2013,music_exports,Europe,4827,thousand USD,KOSIS DT_113_STBL_1020468
2013,music_exports,Other,1386,thousand USD,KOSIS DT_113_STBL_1020468
2014,music_exports,total,335650,thousand USD,KOSIS DT_113_STBL_1020468
2014,music_exports,Japan,235481,thousand USD,KOSIS DT_113_STBL_1020468
2014,music_exports,Greater China,52798,thousand USD,KOSIS DT_113_STBL_1020468
2014,music_exports,Southeast Asia,39548,thousand USD,KOSIS DT_113_STBL_1020468
2014,music_exports,North America,1058,thousand USD,KOSIS DT_113_STBL_1020468
2014,music_exports,Europe,4778,thousand USD,KOSIS DT_113_STBL_1020468
2014,music_exports,Other,1987,thousand USD,KOSIS DT_113_STBL_1020468
2015,music_exports,total,381023,thousand USD,KOSIS DT_113_STBL_1020468
2015,music_exports,Japan,242370,thousand USD,KOSIS DT_113_STBL_1020468
2015,music_exports,Greater China,89761,thousand USD,KOSIS DT_113_STBL_1020468
2015,music_exports,Southeast Asia,40557,thousand USD,KOSIS DT_113_STBL_1020468
2015,music_exports,North America,1085,thousand USD,KOSIS DT_113_STBL_1020468
2015,music_exports,Europe,4976,thousand USD,KOSIS DT_113_STBL_1020468
2015,music_exports,Other,2274,thousand USD,KOSIS DT_113_STBL_1020468
2016,music_exports,total,442566,thousand USD,KOSIS DT_113_STBL_1020468
2016,music_exports,Japan,277292,thousand USD,KOSIS DT_113_STBL_1020468
2016,music_exports,Greater China,98362,thousand USD,KOSIS DT_113_STBL_1020468
2016,music_exports,Southeast Asia,55876,thousand USD,KOSIS DT_113_STBL_1020468
2016,music_exports,North America,2105,thousand USD,KOSIS DT_113_STBL_1020468
2016,music_exports,Europe,6247,thousand USD,KOSIS DT_113_STBL_1020468
2016,music_exports,Other,2684,thousand USD,KOSIS DT_113_STBL_1020468
2017,music_exports,total,512580,thousand USD,KOSIS DT_113_STBL_1020468
2017,music_exports,Japan,320599,thousand USD,KOSIS DT_113_STBL_1020468
2017,music_exports,Greater China,109931,thousand USD,KOSIS DT_113_STBL_1020468
2017,music_exports,Southeast Asia,64737,thousand USD,KOSIS DT_113_STBL_1020468
2017,music_exports,North America,5468,thousand USD,KOSIS DT_113_STBL_1020468
2017,music_exports,Europe,8552,thousand USD,KOSIS DT_113_STBL_1020468
2017,music_exports,Other,3294,thousand USD,KOSIS DT_113_STBL_1020468
2018,music_exports,total,564236,thousand USD,KOSIS DT_113_STBL_1020468
2018,music_exports,Japan,367335,thousand USD,KOSIS DT_113_STBL_1020468
2018,music_exports,Greater China,111962,thousand USD,KOSIS DT_113_STBL_1020468
2018,music_exports,Southeast Asia,69386,thousand USD,KOSIS DT_113_STBL_1020468
2018,music_exports,North America,7151,thousand USD,KOSIS DT_113_STBL_1020468
2018,music_exports,Europe,7038,thousand USD,KOSIS DT_113_STBL_1020468
2018,music_exports,Other,1364,thousand USD,KOSIS DT_113_STBL_1020468
2019,music_exports,total,756198,thousand USD,KOSIS DT_113_STBL_1020468
2019,music_exports,Japan,389484,thousand USD,KOSIS DT_113_STBL_1020468
2019,music_exports,Greater China,117542,thousand USD,KOSIS DT_113_STBL_1020468
2019,music_exports,Southeast Asia,129674,thousand USD,KOSIS DT_113_STBL_1020468
2019,music_exports,North America,80456,thousand USD,KOSIS DT_113_STBL_1020468
2019,music_exports,Europe,22488,thousand USD,KOSIS DT_113_STBL_1020468
2019,music_exports,Other,16554,thousand USD,KOSIS DT_113_STBL_1020468
2020,music_exports,total,679633,thousand USD,KOSIS DT_113_STBL_1020468
2020,music_exports,Japan,320126,thousand USD,KOSIS DT_113_STBL_1020468
2020,music_exports,Greater China,114717,thousand USD,KOSIS DT_113_STBL_1020468
2020,music_exports,Southeast Asia,122813,thousand USD,KOSIS DT_113_STBL_1020468
2020,music_exports,North America,86723,thousand USD,KOSIS DT_113_STBL_1020468
2020,music_exports,Europe,21230,thousand USD,KOSIS DT_113_STBL_1020468
2020,music_exports,Other,14024,thousand USD,KOSIS DT_113_STBL_1020468
2021,music_exports,total,775274,thousand USD,KOSIS DT_113_STBL_1020468
2021,music_exports,Japan,310503,thousand USD,KOSIS DT_113_STBL_1020468
2021,music_exports,Greater China,146142,thousand USD,KOSIS DT_113_STBL_1020468
2021,music_exports,Southeast Asia,140569,thousand USD,KOSIS DT_113_STBL_1020468
2021,music_exports,North America,114094,thousand USD,KOSIS DT_113_STBL_1020468
2021,music_exports,Europe,34406,thousand USD,KOSIS DT_113_STBL_1020468
2021,music_exports,Other,29559,thousand USD,KOSIS DT_113_STBL_1020468
2022,music_exports,total,927613,thousand USD,KOSIS DT_113_STBL_1020468
2022,music_exports,Japan,361809,thousand USD,KOSIS DT_113_STBL_1020468
2022,music_exports,Greater China,163139,thousand USD,KOSIS DT_113_STBL_1020468
2022,music_exports,Southeast Asia,147074,thousand USD,KOSIS DT_113_STBL_1020468
2022,music_exports,North America,135787,thousand USD,KOSIS DT_113_STBL_1020468
2022,music_exports,Europe,38726,thousand USD,KOSIS DT_113_STBL_1020468
2022,music_exports,Other,81079,thousand USD,KOSIS DT_113_STBL_1020468
2023,music_exports,total,1222535,thousand USD,KOSIS DT_113_STBL_1020468
2023,music_exports,Japan,429080,thousand USD,KOSIS DT_113_STBL_1020468
2023,music_exports,Greater China,319576,thousand USD,KOSIS DT_113_STBL_1020468
2023,music_exports,Southeast Asia,157753,thousand USD,KOSIS DT_113_STBL_1020468
2023,music_exports,North America,175832,thousand USD,KOSIS DT_113_STBL_1020468
2023,music_exports,Europe,42786,thousand USD,KOSIS DT_113_STBL_1020468
2023,music_exports,Other,97508,thousand USD,KOSIS DT_113_STBL_1020468
2024,music_exports,total,1801449,thousand USD,KOSIS DT_113_STBL_1020468
2024,music_exports,Japan,639206,thousand USD,KOSIS DT_113_STBL_1020468
2024,music_exports,Greater China,379491,thousand USD,KOSIS DT_113_STBL_1020468
2024,music_exports,Southeast Asia,258838,thousand USD,KOSIS DT_113_STBL_1020468
2024,music_exports,North America,278128,thousand USD,KOSIS DT_113_STBL_1020468
2024,music_exports,Europe,133178,thousand USD,KOSIS DT_113_STBL_1020468
2024,music_exports,Other,112608,thousand USD,KOSIS DT_113_STBL_1020468
2012,broadcast_exports,total,233821,thousand USD,KOSIS DT_113_STBL_1025706
2012,broadcast_exports,Terrestrial broadcasters,190466,thousand USD,KOSIS DT_113_STBL_1025706
2012,broadcast_exports,Cable and satellite channels,26519,thousand USD,KOSIS DT_113_STBL_1025706
2012,broadcast_exports,IPTV content providers,0,thousand USD,KOSIS DT_113_STBL_1025706
2012,broadcast_exports,Independent production companies,16835,thousand USD,KOSIS DT_113_STBL_1025706
2013,broadcast_exports,total,309399,thousand USD,KOSIS DT_113_STBL_1025706
2013,broadcast_exports,Terrestrial broadcasters,238913,thousand USD,KOSIS DT_113_STBL_1025706
2013,broadcast_exports,Cable and satellite channels,48842,thousand USD,KOSIS DT_113_STBL_1025706
2013,broadcast_exports,IPTV content providers,0,thousand USD,KOSIS DT_113_STBL_1025706
2013,broadcast_exports,Independent production companies,21644,thousand USD,KOSIS DT_113_STBL_1025706
2014,broadcast_exports,total,336019,thousand USD,KOSIS DT_113_STBL_1025706
2014,broadcast_exports,Terrestrial broadcasters,267845,thousand USD,KOSIS DT_113_STBL_1025706
2014,broadcast_exports,Cable and satellite channels,45962,thousand USD,KOSIS DT_113_STBL_1025706
2014,broadcast_exports,IPTV content providers,0,thousand USD,KOSIS DT_113_STBL_1025706
2014,broadcast_exports,Independent production companies,22211,thousand USD,KOSIS DT_113_STBL_1025706
2015,broadcast_exports,total,320434,thousand USD,KOSIS DT_113_STBL_1025706
2015,broadcast_exports,Terrestrial broadcasters,245727,thousand USD,KOSIS DT_113_STBL_1025706
2015,broadcast_exports,Cable and satellite channels,56267,thousand USD,KOSIS DT_113_STBL_1025706
2015,broadcast_exports,IPTV content providers,0,thousand USD,KOSIS DT_113_STBL_1025706
2015,broadcast_exports,Independent production companies,18440,thousand USD,KOSIS DT_113_STBL_1025706
2016,broadcast_exports,total,411212,thousand USD,KOSIS DT_113_STBL_1025706
2016,broadcast_exports,Terrestrial broadcasters,278518,thousand USD,KOSIS DT_113_STBL_1025706
2016,broadcast_exports,Cable and satellite channels,68789,thousand USD,KOSIS DT_113_STBL_1025706
2016,broadcast_exports,IPTV content providers,0,thousand USD,KOSIS DT_113_STBL_1025706
2016,broadcast_exports,Independent production companies,63906,thousand USD,KOSIS DT_113_STBL_1025706
2017,broadcast_exports,total,362403,thousand USD,KOSIS DT_113_STBL_1025706
2017,broadcast_exports,Terrestrial broadcasters,174373,thousand USD,KOSIS DT_113_STBL_1025706
2017,broadcast_exports,Cable and satellite channels,111209,thousand USD,KOSIS DT_113_STBL_1025706
2017,broadcast_exports,IPTV content providers,0,thousand USD,KOSIS DT_113_STBL_1025706
2017,broadcast_exports,Independent production companies,76821,thousand USD,KOSIS DT_113_STBL_1025706
2018,broadcast_exports,total,478447,thousand USD,KOSIS DT_113_STBL_1025706
2018,broadcast_exports,Terrestrial broadcasters,171289,thousand USD,KOSIS DT_113_STBL_1025706
2018,broadcast_exports,Cable and satellite channels,155509,thousand USD,KOSIS DT_113_STBL_1025706
2018,broadcast_exports,IPTV content providers,0,thousand USD,KOSIS DT_113_STBL_1025706
2018,broadcast_exports,Independent production companies,151651,thousand USD,KOSIS DT_113_STBL_1025706
2019,broadcast_exports,total,539214,thousand USD,KOSIS DT_113_STBL_1025706
2019,broadcast_exports,Terrestrial broadcasters,176463,thousand USD,KOSIS DT_113_STBL_1025706
2019,broadcast_exports,Cable and satellite channels,190679,thousand USD,KOSIS DT_113_STBL_1025706
2019,broadcast_exports,IPTV content providers,0,thousand USD,KOSIS DT_113_STBL_1025706
2019,broadcast_exports,Independent production companies,172073,thousand USD,KOSIS DT_113_STBL_1025706
2020,broadcast_exports,total,692790,thousand USD,KOSIS DT_113_STBL_1025706
2020,broadcast_exports,Terrestrial broadcasters,208545,thousand USD,KOSIS DT_113_STBL_1025706
2020,broadcast_exports,Cable and satellite channels,282994,thousand USD,KOSIS DT_113_STBL_1025706
2020,broadcast_exports,IPTV content providers,0,thousand USD,KOSIS DT_113_STBL_1025706
2020,broadcast_exports,Independent production companies,201251,thousand USD,KOSIS DT_113_STBL_1025706
2021,broadcast_exports,total,717997,thousand USD,KOSIS DT_113_STBL_1025706
2021,broadcast_exports,Terrestrial broadcasters,213327,thousand USD,KOSIS DT_113_STBL_1025706
2021,broadcast_exports,Cable and satellite channels,219905,thousand USD,KOSIS DT_113_STBL_1025706
2021,broadcast_exports,IPTV content providers,0,thousand USD,KOSIS DT_113_STBL_1025706
2021,broadcast_exports,Independent production companies,284767,thousand USD,KOSIS DT_113_STBL_1025706
2022,broadcast_exports,total,948045,thousand USD,KOSIS DT_113_STBL_1025706
2022,broadcast_exports,Terrestrial broadcasters,271241,thousand USD,KOSIS DT_113_STBL_1025706
2022,broadcast_exports,Cable and satellite channels,290048,thousand USD,KOSIS DT_113_STBL_1025706
2022,broadcast_exports,IPTV content providers,0,thousand USD,KOSIS DT_113_STBL_1025706
2022,broadcast_exports,Independent production companies,386757,thousand USD,KOSIS DT_113_STBL_1025706
2023,broadcast_exports,total,1047219,thousand USD,KOSIS DT_113_STBL_1025706
2023,broadcast_exports,Terrestrial broadcasters,95214,thousand USD,KOSIS DT_113_STBL_1025706
2023,broadcast_exports,Cable and satellite channels,286018,thousand USD,KOSIS DT_113_STBL_1025706
2023,broadcast_exports,IPTV content providers,286082,thousand USD,KOSIS DT_113_STBL_1025706
2023,broadcast_exports,Independent production companies,379905,thousand USD,KOSIS DT_113_STBL_1025706
2024,broadcast_exports,total,1257183,thousand USD,KOSIS DT_113_STBL_1025706
2024,broadcast_exports,Terrestrial broadcasters,91011,thousand USD,KOSIS DT_113_STBL_1025706
2024,broadcast_exports,Cable and satellite channels,294752,thousand USD,KOSIS DT_113_STBL_1025706
2024,broadcast_exports,IPTV content providers,225822,thousand USD,KOSIS DT_113_STBL_1025706
2024,broadcast_exports,Independent production companies,645598,thousand USD,KOSIS DT_113_STBL_1025706
2025,listed_workforce,Broadcasting — companies,12,count,FSS DART
2025,listed_workforce,Broadcasting — staff,6393,persons,FSS DART
2025,listed_workforce,Broadcasting — avg tenure,10.33,years (headcount-weighted),FSS DART
2025,listed_workforce,Broadcasting — women,47.5,percent,FSS DART
2025,listed_workforce,"Film, video and audio production — companies",40,count,FSS DART
2025,listed_workforce,"Film, video and audio production — staff",10540,persons,FSS DART
2025,listed_workforce,"Film, video and audio production — avg tenure",7.32,years (headcount-weighted),FSS DART
2025,listed_workforce,"Film, video and audio production — women",56.9,percent,FSS DART
2025,listed_workforce,Publishing (includes games) — companies,196,count,FSS DART
2025,listed_workforce,Publishing (includes games) — staff,51876,persons,FSS DART
2025,listed_workforce,Publishing (includes games) — avg tenure,5.44,years (headcount-weighted),FSS DART
2025,listed_workforce,Publishing (includes games) — women,34.1,percent,FSS DART
2025,listed_workforce,whole listed market — avg tenure,11.29,years (headcount-weighted),FSS DART
