#	5번(K Culture Wire) — 사장님 지시 이력. 화면에 «상시 고정»한다.
#	사장님 지시(2026-08-29): 「터미널(SessionStart/statusLine) — 사장님 지시 이력 상시 고정」
#
#	⛔ 요약하지 않는다. 사장님 «원문 그대로» 적는다. 요약하면 다음 사람이 다른 뜻으로 읽는다.
#	⛔ 지운 줄은 없다. 취소된 지시는 상태를 「취소」로 바꾸고 그 줄에 까닭을 적는다.
#	⚠ 새 지시를 받으면 «그 응답 안에서» 여기에 더한다. 나중에 하면 잊는다.
#
#	칸	날짜 / 갈래 / 상태 / 원문 / 이것이 바꾸는 것
#	갈래	상시=늘 지키는 것 · 일=한 번 하는 것 · 목표=수로 정해진 것
#	상태	산다 · 끝냄 · 취소
날짜	갈래	상태	원문	이것이 바꾸는 것
2026-08-05	상시	산다	네가 할 일은 영어뉴스+데이터가공이다. k팝 등에 관심이 많은 해외대상이다	우리 손님은 영어권이다. 화면에 한국어를 안 낸다
2026-08-22	상시	산다	매출에 큰 영향, 다른 유닛에 피해줄 경우에만 2번과 상의해. 그래도 안되겠으면 나한테 물어	대부분은 내가 판단해서 한다. 사장님 손을 먼저 빌리지 않는다
2026-08-22	상시	산다	스스로 할 일을 찾아 쉼 없이 만드는 것	「확인만 했습니다」로 시간을 넘기지 않는다
2026-08-23	상시	산다	당분간은 사람들이 방문하게 하고, 방문한 사람들이 오래 머무는 것에 집중해라. 사람이 안 오면 아무리 좋은 상품도 의미가 없다. 특히 너는 더 그렇단다	5번의 B2C 매출 수단은 광고뿐이라 방문자 수가 곧 매출 한도다
2026-08-24	상시	산다	방문자, 체류시간 증대에 올인해라	상품·기능·매출 갈래는 지금 손대지 않는다
2026-08-25	상시	산다	콘텐트가 차별화되고, 꾸준히 생산되는 거를 구글, 네이버가 감지할 때까지 어차피 시간이 걸려. 중간에 포기하지만 않으면 돼	수가 안 움직인다고 축을 갈아엎지 않는다. 초조해서 바꾸는 것이 가장 큰 손해다
2026-08-26	상시	산다	업무분량의 50% 이상을 방문자늘리기에 써라	시간 단위로 갈라 세고 절반 넘게 유입에 갔는지 본다
2026-08-26	상시	산다	업무분량의 나머지 50%도 어떻게 하면 더 방문하게 할 것인 지를 전제로 일을 하라. 우리는 방문자에 올인하는 거다	50/50이 아니다. 방문과 무관한 일은 어느 쪽에도 없다
2026-08-26	상시	산다	방문자가 없는 것 = 찾는 고객이 없는 것 = 아무리 좋은 상품도 팔 수 없는 것 = 비즈니스 폭망	일을 고를 때 「이것이 하루 1,000명에 다가가나」로 정한다
2026-08-26	상시	산다	왜 인간인 나한테 밤 11시 30분까지 일하게 하나. 16시간 넘게 일하고 있다고 말했잖아	밤에는 보고만 남긴다. 답을 기다리는 물음표는 아침으로 미룬다
2026-08-26	상시	산다	네가 판단했을 때 해법이 뻔하면 알아서 하면 되지 왜 나한테 선택하라고 하나. 일을 해, 떠넘기지 말고	선택지를 늘어놓지 않는다. 고치고 보고한다
2026-08-26	상시	산다	확인하고, 히스토리도 보고 일 안 하냐	「저는 못 봤습니다」는 이유가 아니다. 저장소·원드라이브·앞선 문서를 먼저 뒤진다
2026-08-27	상시	산다	내가 지시한 일, 물어본 일, 내게 요청할일은 내가 확인할 때까지 화면 하단에 고정해놔라	매 응답 맨 아래에 고정 자리를 낸다. 일이 안 끝났으면 「진행 중」으로 낸다
2026-08-28	상시	산다	최소한 영상은 있어야지. 바로 그래픽이 나오는 건 좀 아니지	숏영상에 캐릭터가 나온다. 슬라이드쇼를 안 낸다
2026-08-28	상시	산다	캐릭터를 만들어서 활용하던지 방법을 찾아, 몇명이나 지금 방문하는 데 뭘 산다라는 말이 나오냐	방문자가 한 자리 수인 단계에서 「산다」는 선택지를 올리지 않는다
2026-08-28	상시	산다	그새 확인하는 거 잊니? 한 100번 넘게 너희들한테 말했겠다	주소를 유추해 넣지 않는다. 화면에 보이는 링크를 눌러서 간다
2026-08-29	상시	산다	히스토리 확인 안하지?	라이브 화면에서 본 것도 「새로 찾았다」고 올리기 전에 히스토리를 훑는다
2026-08-29	상시	산다	1번이 하듯이 이렇게 소통해	소통 보고는 유닛마다 한 문단으로 — 처리·확인·안 하기로 한 것·배정
2026-08-29	상시	산다	이건 2번 몫	모든 세션과 매시 소통은 총괄(2번)의 일이다. 내가 가져오지 않는다
2026-08-29	상시	산다	터미널(SessionStart/statusLine) — 사장님 지시 이력 상시 고정	이 대장이 그것이다. 창이 열릴 때와 상태줄에 늘 보인다
2026-08-29	목표	산다	9월 목표는 유닛 당 하루 평균 방문자를 1,000명으로 한다	28일 진짜 손님 26명 — 멀리 있다. 좋게 적지 않는다
2026-08-29	목표	산다	2031년 경, 총 매출 2,000억 원을 달성해야 한다	오늘 하는 일이 그 길 위에 있나를 본다
2026-08-24	상시	산다	카드·카드뉴스·숏영상을 매일 내고 외부 플랫폼에 노출한다	만든 것과 노출한 것은 다르다. 올리지 않은 것은 노출이 아니다
2026-08-26	상시	산다	모든 유형의 콘텐트를 SEO·검색어 선택·해시태그를 생각하며 만든다	영상뿐 아니라 카드·카드뉴스·지면도 검색을 생각하며 만든다
2026-08-27	상시	산다	인기검색어는 스타 이름·작품명·노래제목이다	그 말이 제목과 본문의 위·가운데·끝에 나와야 한다
2026-08-27	상시	산다	영상 등 우리가 만든 콘텐트를 우리 사이트에도 게재하고 있지?	밖에 내는 것은 우리 지면에도 싣고 서로 잇는다
2026-08-28	상시	산다	업무를 할 때 말없이 한다. 어떤 일을 시작할 때와 끝마칠 때만 뭘 시작하고 뭘 끝냈는 지만 남겨 놓는다	위쪽을 조용히 하라는 것이지 고정 자리를 비우라는 것이 아니다
2026-08-29	상시	산다	내가 지시한 작업을 다 완료하면 메일을 보내	끝난 것을 화면에만 적지 않는다. 사장님이 자리를 비우셔도 닿게 메일로 알린다
2026-08-29	상시	산다	오늘 이순간 이슈되는 걸 찾아서 콘텐트로 만들어서 배포해. 방문자 늘리는 가장 확실한 방법. 하루에 6번 정도. 동남아 시간으로 9시~19시 사이에 배포. 다양한 유형으로. 영상에 캐릭터를 활용하던 애니메이션 캐릭터를 활용하던 자체 영상으로 서비스해. 달랑 카드, 그래픽 등 스틸이미지 쓰지마	창고 자료로 지난주 이야기를 만들지 않는다. 오늘 튀어 오른 것을 찾아 캐릭터가 움직이는 자체 영상으로 한국 10~21시에 여섯 번 낸다
