# 공공데이터포털 이용허락을 날마다 다시 읽은 기록 — 날	데이터셋	이름	이용허락범위
# ⛔ 이 파일을 지우면 「바뀌었나」를 못 센다. 한 번 읽은 판정은 썩는다
2026-08-05	15094808	주식시세	제한 없음
2026-08-05	15094807	지수시세	제한 없음
2026-08-05	15094802	파생상품시세	제한 없음
2026-08-05	15094784	채권시세	제한 없음
2026-08-05	15094806	증권상품(ETF·ETN·ELW)	제한 없음
2026-08-05	15094805	일반상품(금·석유)	제한 없음
2026-08-05	15094792	펀드 표준코드	제한 없음
2026-10-06	15094808	주식시세	제4유형 : 출처표시 + 상업적 이용금지 + 변경금지 본 데이터는 상업적 목적 여부와 상관 없이 제3자 무단 제공
2026-10-06	15094807	지수시세	제4유형 : 출처표시 + 상업적 이용금지 + 변경금지 본 데이터는 상업적 목적 여부와 상관 없이 제3자 무단 제공
2026-10-06	15094802	파생상품시세	제4유형 : 출처표시 + 상업적 이용금지 + 변경금지 본 데이터는 상업적 목적 여부와 상관 없이 제3자 무단 제공
2026-10-06	15094784	채권시세	제4유형 : 출처표시 + 상업적 이용금지 + 변경금지 본 데이터는 상업적 목적 여부와 상관 없이 제3자 무단 제공
2026-10-06	15094806	증권상품(ETF·ETN·ELW)	제4유형 : 출처표시 + 상업적 이용금지 + 변경금지 본 데이터는 상업적 목적 여부와 상관 없이 제3자 무단 제공
2026-10-06	15094805	일반상품(금·석유)	제4유형 : 출처표시 + 상업적 이용금지 + 변경금지 본 데이터는 상업적 목적 여부와 상관 없이 제3자 무단 제공
2026-10-06	15094792	펀드 표준코드	제한 없음
2026-10-06	15060605	DART 증자(감자)현황	제한 없음
2026-10-06	15060615	DART 직원현황	제한 없음
2026-10-06	15060612	DART 임원현황	제한 없음
2026-10-06	15034604	DART 기업개황	공공저작물 : 출처표시 (제 1유형)
2026-10-06	15094809	신용융자 잔고	제한 없음
