# 날마다 셋 대장 — 날	열쇠	한 말
2026-10-04	방문자	7일 실측 — X 103세션·네이버 80·다음카페 21·구글 6. 구글 28일 노출 2666 클릭 10
2026-10-04	결제	check-세징검다리 — 막힌 곳 없음. 회원 24명
2026-10-04	보안	check-네사이트-보안-라이브 — 네 곳 다 막힘, 흠 0개
2026-10-05	방문자	돌렸다
2026-10-05	결제	돌렸다
2026-10-05	보안	돌렸다
2026-10-06	보안	네 사이트 라이브 보안 점검 — 흠 0. admin 401 · 대시보드 404 · 연계 열쇠 안 샘 · API 반복호출 429 로 막음
2026-10-06	결제	세 징검다리 점검 — 막힌 곳 없음. 들어오기·돈 내기·다시 보기 다 돈다(서버 healthy). 회원 25명
2026-10-06	방문자	7일 평균 순방문자 — KLifeMap 51 · 백년지도 30 · KCW 26 · SeoulMarkets 16. 홈에서 봇이 못 닿던 지면 31장을 13장으로 줄여 구글이 오는 길을 냈다
2026-10-09	결제	세 징검다리 셋 다 정상 — 토스·페이팔 결제창 실림, 상품 18개 가격표 내려옴, 다시보기 healthy
2026-10-09	보안	네 사이트 흠 0개 — 관리자 경로 401/404, 연계 열쇠 안 샘, 반복호출 429로 막힘
2026-10-09	방문자	색인요청 스크립트가 속성을 klifemap으로 못박아 seoulmarkets 주소는 영영 안 들어가던 것을 고쳤다 — 상품 페이지 6개가 처음으로 구글 색인 요청에 들어감
