# 색인 요청 대장 — 날	주소	결과(됨·한도·못찾음·모름)
2026-10-04	https://klifemap.ai/saju.html	됨
2026-10-04	https://klifemap.ai/pricing.html	됨
2026-10-04	https://klifemap.ai/astro.html	됨
2026-10-04	https://klifemap.ai/ilzin.html	됨
2026-10-04	https://seoulmarkets.com/article/korea-largest-listed-companies	됨
2026-10-04	https://klifemap.ai/contents.html	한도
2026-10-04	https://klifemap.ai/ai-report.html	한도
2026-10-04	https://klifemap.ai/mingli-gunghap.html	한도
2026-10-04	https://klifemap.ai/mingli-taekil.html	한도
2026-10-04	https://klifemap.ai/mingli-sungmyung.html	한도
2026-10-04	https://klifemap.ai/daily.html	한도
2026-10-04	https://klifemap.ai/mansecalendar.html	한도
2026-10-04	https://klifemap.ai/astro-synastry.html	한도
2026-10-04	https://klifemap.ai/rising-sign.html	한도
2026-10-04	https://100yearmap.com/school-progression-rank	한도
2026-10-05	https://klifemap.ai/tojeong.html	내일첫몫
2026-10-05	https://klifemap.ai/tojeong.html	됨
2026-10-05	https://klifemap.ai/samjae.html	한도
2026-10-05	https://klifemap.ai/sinsal.html	한도
2026-10-05	https://klifemap.ai/sonnal.html	한도
2026-10-05	https://klifemap.ai/japsinsal.html	한도
2026-10-06	https://klifemap.ai/unse/	됨
2026-10-06	https://klifemap.ai/data/	됨
2026-10-06	https://klifemap.ai/unse/rat.html	됨
2026-10-06	https://klifemap.ai/unse/horse.html	모름
2026-10-06	https://klifemap.ai/unse/dragon.html	모름
2026-10-06	https://klifemap.ai/unse/tiger.html	됨
2026-10-06	https://klifemap.ai/contents.html	한도
