# 콘텐트 대장 — 목적에 맞게 만들었나, 나갔나, 검색에 잡혔나
#
# 사장님 지시(2026-08-09):
#   「콘텐츠 생산 목적을 잘 살펴서 전략을 짜야 돼. 외부 유입이 목적이면 텍스트·영상·카드,
#    엑스·쓰레드에 맞는 텍스트, 페이스북에 맞는 텍스트 — 다 따로따로 가야 되겠지.
#    광고수입인 거는 동영상은 그렇게 많이 만들지 않아도 되잖아」
#   「하루에 몇 개의 텍스트 콘텐츠를 만들어야 될지 각 유닛마다 정해. 최소 한 개」
#
# ⛔ 이 대장은 **각 자리가 채운다.** 2번은 재기만 한다(사장님: 「네가 생산하지 말고 확인을 하라」)
#
# 재는 자:  node scripts/check-content-pipeline.mjs
#
# 목적은 둘 중 하나 — ⛔ 목적에 따라 자가 다르다
#   외부유입  밖(스레드·X·인스타그램·유튜브)으로 나가야 뜻이 있다. 검색은 안 봐도 된다
#             ⭐ 채널마다 **다른 텍스트**를 쓴다 (사장님: 「다 따로따로 가야 되겠지」)
#   광고수입  우리 지면에 서고 **검색에 잡혀야** 뜻이 있다. 숏영상은 많이 안 만들어도 된다
#             ⚠ 유튜브에서 돈이 되면 그때 영상을 늘린다 — 그 판단은 각 자리가 한다
#
# ⛔ 안 만든 형태는 흠이 아니다. 목적에 맞으면 안 만드는 게 맞다
# ⛔ 「0」과 「?」를 가른다.  0 = 재 봤는데 없다 · ? = 못 쟀다
#
# 하루 최소 텍스트 (2번이 정함) — 1번 1 · 3번 2 · 4번 1 · 5번 2 · 6번 2 · 7번 1 · 8번 1
#
# 자리	날짜	목적	형태	만든것	자체	스레드	X	인스타그램	유튜브	구글	네이버
#
3번	2026-08-09	광고수입	텍스트	4967	4967	0	0	0	0	?	0
3번	2026-08-09	외부유입	카드	2784	0	0	0	0	0	?	?
3번	2026-08-09	외부유입	숏영상	1	0	0	0	0	1	?	?
