#	회차 기사가 몇 분에 화면에 떴나. 거두러 갈 때마다 한 줄씩. ⛔ 「없었다」와 「못 봤다」는 다른 칸이다.
#	🔴 2026-10-06 11:1x — 맨 처음 쌓인 여섯 줄을 버렸다. 내가 잘못 세고 있었다.
#	   ① 11시를 「있었다」로 적었는데 화면은 「Claude가 생각 중입니다 · 1분 31초 실행 중」이었다 — 거짓 초록
#	   ② 14·15·16시를 「없었다」로 적었는데 그 회차는 «때가 안 된» 것이었다(-170·-229·-289분) — 거짓 빨강
#	   ③ 09·10시는 이미 거둔 회차였다(+129·+70분) — 「몇 분에 뜨나」와 아무 상관이 없다
#	   ⇒ 「회차 줄이 보인다」가 아니라 «기사로 받아들인 뒤»에 세게 고쳤고,
#	     회차 시각 앞에서는 아예 안 적게 했다. 버린 줄을 되살리지 않는다 — 틀린 수였다.
#	   ⛔ 「틀린 숫자 하나가 옳은 스물셋을 같이 의심받게 한다」
날	회차	본시각	본분차	결과	덧붙임
2026-10-06	11	11:14	14	없었다	🔴 답이 65자뿐이다 — 글머리: 웹 검색함, 페이지 11개 읽음 웹 검색함, 페이지 11개 읽음 5분 19초 실행 중  Claude가 생각
2026-10-06	11	11:16	16	없었다	🔴 답이 43자뿐이다 — 글머리: 추적하는 중 추적하는 중 7분 22초 실행 중  Claude가 생각 중입니다
2026-10-06	11	11:18	18	있었다	2791자
2026-10-06	14	14:11	11	없었다	🔴 답이 40자뿐이다 — 글머리: 그려보는 중 그려보는 중 18초 실행 중  Claude가 생각 중입니다
2026-10-06	14	14:13	13	없었다	🔴 답이 42자뿐이다 — 글머리: 헤아리는 중 헤아리는 중 2분 3초 실행 중  Claude가 생각 중입니다
2026-10-06	14	14:22	22	없었다	🔴 답이 43자뿐이다 — 글머리: 추려내는 중 추려내는 중 11분 3초 실행 중  Claude가 생각 중입니다
2026-10-06	14	14:36	36	없었다	🔴 답이 46자뿐이다 — 글머리: 저울질하는 중 저울질하는 중 25분 48초 실행 중  Claude가 생각 중입니다
2026-10-06	14	14:38	38	없었다	🔴 답이 46자뿐이다 — 글머리: 저울질하는 중 저울질하는 중 27분 27초 실행 중  Claude가 생각 중입니다
2026-10-06	14	14:40	40	없었다	🔴 답이 40자뿐이다 — 글머리: 생각 중 생각 중 29분 27초 실행 중  Claude가 생각 중입니다
2026-10-06	14	15:11	71	있었다	2339자
2026-10-06	15	15:13	13	없었다	회차 줄이 화면에 없다
2026-10-06	15	15:23	23	있었다	3281자
2026-10-06	15	16:13	73	있었다	3281자
2026-10-06	16	16:13	13	있었다	2638자
